HSN,NAME,P CODE,TOTAL QUANTITY,UNTAXED TOTAL,IGST,SGST,CGST,TAXED TOTAL
29242910,ACETANILIDE 250.00 GM,A10125,3.0,613.8,0,55.239999999999995,55.239999999999995,724.28,All / Saleable / LABORATORY CHEMICALS
29152100,ACETIC ACID GLACIAL L.R 500 ML,A10129,215.0,27141.72,3126.4599999999996,879.5299999999999,879.5299999999999,32027.24,All / Saleable / INDICATOR PAPERS
29152100,ACETIC ACID GLACIAL LR 2.5 L,A10137,19.0,9705.3,685.08,530.9399999999999,530.9399999999999,11452.26,All / Saleable / INDICATOR PAPERS
29152100,ACETIC ACID GLACIAL 5 L,A10151,4.0,3521.91,0,316.97,316.97,4155.85,All / Saleable / INDICATOR PAPERS
29400000,L(+) ARABINOSE 5.00 GM,A10201,2.0,617.52,0,55.58,55.58,728.6800000000001,All / Saleable / LABORATORY CHEMICALS
29152100,ACETIC ACID ALDEHYDE FREE 2.5 L,A10237,2.0,1110.72,199.93,0,0,1310.65,All / Saleable / INDICATOR PAPERS
29182200,ASPIRIN(ACETYL SALICYLIC ACID) 250.00 GM,A10325,1.0,200.88,0,18.08,18.08,237.03999999999996,All / Saleable / LABORATORY CHEMICALS
29141100,ACETONE 200 L,A10504,1.0,17000.0,3060.0,0,0,20060.0,All / Saleable / ACIDS
29141100,ACETONE L.R. 500 ML,A10529,294.0,47633.59999999999,4386.82,2093.6,2093.6,56207.62000000001,All / Saleable / ACIDS
29141100,ACETONE L.R. 2.5 L,A10537,72.0,44275.44,5071.55,1449.0,1449.0,52244.990000000005,All / Saleable / ACIDS
29214110,ANILINE L.R. 500 ML,A10629,7.0,1736.0,0,156.24,156.24,2048.4799999999996,All / Saleable / LABORATORY CHEMICALS
29143990,ANTHRONE 25.00 GM,A10809,9.0,3682.8,0,331.45,331.45,4345.7,All / Saleable / LABORATORY CHEMICALS
13023100,AGAR AGAR BACTERIOLOGICAL 250.00 GM,A10925,9.0,10445.76,0,940.12,940.12,12326.0,All / Saleable / LABORATORY CHEMICALS
29189900,ALUMINON POWDER 25.00 GM,A11009,1.0,557.38,0,50.16,50.16,657.6999999999999,All / Saleable / LABORATORY CHEMICALS
76032000,ALUMINIUM POWDER 250.00 GM,A11025,2.0,266.6,0,23.99,23.99,314.58000000000004,All / Saleable / LABORATORY CHEMICALS
29141100,ACETONE L.R 25 L,A11033,27.0,58675.0,0,5280.75,5280.75,69236.5,All / Saleable / ACIDS
28333010,ALUMINIUM AMMONIUM SULPHATE 500.00 GM,A11129,5.0,589.0,0,53.01,53.01,695.02,All / Saleable / LABORATORY CHEMICALS
28342990,ALUMINIUM NITRATE L.R. 500.00 GM,A11229,87.0,10637.119999999999,823.68,545.51,545.51,12551.82,All / Saleable / LABORATORY CHEMICALS
28333030,ALUMINIUM POT.SULPHATE L.R 500.00 GM,A11329,20.0,1562.0,281.16,0,0,1843.16,All / Saleable / LABORATORY CHEMICALS
28332210,ALUMINIUM SULPHATE L.R. 500.00 GM,A11429,96.0,8751.52,1278.8600000000001,148.2,148.2,10326.779999999999,All / Saleable / LABORATORY CHEMICALS
28332210,ALUMINIUM SULPHATE 25.00 KG,A11488,4.0,8000.0,0,720.0,720.0,9440.0,All / Saleable / LABORATORY CHEMICALS
38220090,ALCOHOLIC POT.HYDRO.SOLN.0.5N 5 L,A11551,3.0,2066.33,0,185.97,185.97,2438.27,All / Saleable / LABORATORY CHEMICALS
29143910,ACETOPHENONE 500 ML,A11629,11.0,3476.16,562.32,31.69,31.69,4101.860000000001,All / Saleable / LABORATORY CHEMICALS
28142000,AMMONIA SOLUTION 0.91 5 L,A11651,141.0,30151.44,727.83,2349.71,2349.71,35578.689999999995,All / Saleable / LABORATORY CHEMICALS
28142000,AMMONIA SOLUTION.C.P. 5 L,A11661,40.0,5000.0,0,450.0,450.0,5900.0,All / Saleable / LABORATORY CHEMICALS
28142000,AMMONIA SOLUTION SP.GR.0.91 500 ML,A11679,244.0,17363.04,1545.98,789.7100000000002,789.7100000000002,20488.440000000006,All / Saleable / LABORATORY CHEMICALS
28142000,AMMONIA SOLUTION SP.GR.0.91 2.5 L,A11687,40.0,9849.6,808.7,482.11,482.11,11622.52,All / Saleable / LABORATORY CHEMICALS
28142000,AMMONIA SOLUTION 10% 25 L,A11699,131.0,72050.0,0,6484.5,6484.5,85019.0,All / Saleable / LABORATORY CHEMICALS
28142000,AMMONIA SOLUTION SP.GR.0.89 500 ML,A11779,4.0,359.6,0,32.36,32.36,424.32000000000005,All / Saleable / LABORATORY CHEMICALS
29152990,AMMONIUM ACETATE L.R. 500.00 GM,A11829,31.0,5017.04,0,451.53,451.53,5920.1,All / Saleable / LABORATORY CHEMICALS
29051490,AMYL ALCOHOL (ISO) 500 ML,A11879,54.0,11390.72,557.57,746.38,746.38,13441.050000000003,All / Saleable / LABORATORY CHEMICALS
28271000,AMMONIUM CHLORIDE L.R. 500.00 GM,A11929,252.0,24797.05,1982.88,1240.29,1240.29,29260.510000000002,All / Saleable / LABORATORY CHEMICALS
28271000,AMMONIUM CHLORIDE L.R. 5.00 KG,A11939,6.0,3632.08,409.6,122.09,122.09,4285.86,All / Saleable / LABORATORY CHEMICALS
39139090,AGAROSE FOR ELECTROPHORESIS 10.00 GM,A12005,3.0,2583.54,0,232.51999999999998,232.51999999999998,3048.58,All / Saleable / LABORATORY CHEMICALS
28415090,AMMONIUM DICHROMATE L.R. 500.00 GM,A12029,22.0,10339.12,0,930.52,930.52,12200.16,All / Saleable / LABORATORY CHEMICALS
28352990,AMMONIUM DIHYD.ORTHO PHOSPHATE 25.00 KG,A12188,1.0,4500.0,810.0,0,0,5310.0,All / Saleable / LABORATORY CHEMICALS
28419000,AMMONIUM META VANADATE 100.00 GM,A12217,2.0,1280.92,0,115.28,115.28,1511.48,All / Saleable / LABORATORY CHEMICALS
28352990,DI AMMONIUM HYD.ORTHOPHOSHATE 500.00 GM,A12229,4.0,930.0,0,83.7,83.7,1097.4,All / Saleable / LABORATORY CHEMICALS
28332990,AMMONIUM FERROUS SULPHATE L.R. 500.00 GM,A12429,103.0,10321.180000000002,1027.62,415.0899999999999,415.0899999999999,12178.980000000001,All / Saleable / LABORATORY CHEMICALS
28261990,AMMONIUM BIFLUORIDE L.R. 250.00 GM,A12625,21.0,2237.06,380.02,11.33,11.33,2639.74,All / Saleable / LABORATORY CHEMICALS
28417090,AMMONIUM MOLYBDATE L.R 500.00 GM,A12629,2.0,5694.389999999999,481.83,271.58,271.58,6719.379999999999,All / Saleable / LABORATORY CHEMICALS
32041214,ACID FUCHSIN (M.S.) 25.00 GM,A12709,4.0,803.52,0,72.32,72.32,948.16,All / Saleable / LABORATORY CHEMICALS
28417090,AMMONIUM MOLYBDATE L.R. 100.00 GM,A12717,9.0,4487.88,708.05,49.89,49.89,5295.709999999999,All / Saleable / LABORATORY CHEMICALS
29181590,tri-AMMONIUM CITRATE (97-103%) 250.00 GM,A12829,1.0,217.62,0,19.59,19.59,256.8,All / Saleable / LABORATORY CHEMICALS
29171190,AMMONIUM OXALATE L.R. 500.00 GM,A13129,5.0,957.9,0,86.21,86.21,1130.32,All / Saleable / LABORATORY CHEMICALS
28332990,AMMONIUM SULPHATE L.R. 500.00 GM,A13329,160.0,15256.800000000001,1290.96,727.62,727.62,18003.0,All / Saleable / LABORATORY CHEMICALS
28332990,AMMONIUM SULPHATE.L.R. 25.00 KG,A13388,1.0,1900.0,342.0,0,0,2242.0,All / Saleable / LABORATORY CHEMICALS
29181390,ANTIMONY POTASSIUM TARTARATE 250.00 GM,A13725,1.0,375.1,0,33.76,33.76,442.62,All / Saleable / LABORATORY CHEMICALS
28362090,AMMONIUM CARBONATE L.R. 500.00 GM,A14129,74.0,9434.52,867.24,415.48,415.48,11132.72,All / Saleable / LABORATORY CHEMICALS
29181550,AMMONIUM FERRIC CITRATE L.R. 500.00 GM,A14329,15.0,3645.6,0,328.1,328.1,4301.799999999999,All / Saleable / LABORATORY CHEMICALS
28273200,ALUMINIUM CHLORIDE ANHYDROUS 250.00 GM,A15025,24.0,2456.8,277.06,82.58,82.58,2899.0200000000004,All / Saleable / LABORATORY CHEMICALS
28182010,ALUMINIUM OXIDE 500.00 GM,A15129,2.0,208.32,0,18.75,18.75,245.82,All / Saleable / LABORATORY CHEMICALS
28275990,AMMONIUM BROMIDE L.R 500.00 GM,A15229,28.0,11473.92,1398.38,333.46,333.46,13539.220000000001,All / Saleable / LABORATORY CHEMICALS
28334000,AMMONIUM PERSULPHATE L.R. 25.00 KG,A15388,1.0,2675.0,0,240.75,240.75,3156.5,All / Saleable / LABORATORY CHEMICALS
28372010,AMMONIUM THIOCYNATE 250.00 GM,A15429,7.0,1071.98,0,96.48,96.48,1264.94,All / Saleable / LABORATORY CHEMICALS
28461090,AMMONIUM CERIC NITRATE L.R 100.00 GM,A15617,6.0,3835.02,557.39,66.46,66.46,4525.33,All / Saleable / LABORATORY CHEMICALS
29222913,4-AMINOPHENOL - 99% 100.00 GM,A16117,5.0,574.6,103.43,0,0,678.03,All / Saleable / LABORATORY CHEMICALS
29159010,ACETYL CHLORIDE L.R 500 ML,A17329,2.0,605.12,0,54.46,54.46,714.0400000000001,All / Saleable / LABORATORY CHEMICALS
38220090,L-AMINO ACIDS KIT - 20 items 1.00 GM,A18050,2.0,3755.96,0,338.04,338.04,4432.04,All / Saleable / ANALYSIS KITS
29152100,ACETIC ACID SOLUTION 3% 500 ML,A20379,86.0,4915.16,815.76,34.48,34.48,5799.88,All / Saleable / INDICATOR PAPERS
38220019,ALKALINE COPPER TARTRATE SOLN. 500 ML,A21079,16.0,1256.32,150.76,0,0,1407.08,All / Saleable / CLINICAL REAGENTS/STAINS
38220090,ALUMINON REAGENT 125 ML,A21271,128.0,6899.2,1241.86,0,0,8141.0599999999995,All / Saleable / CLINICAL REAGENTS/STAINS
38220019,ACID FAST STAINING KIT,A25550,1.0,226.3,0,13.58,13.58,253.46000000000004,All / Saleable / LABORATORY CHEMICALS
38220019,ALBERT'S STAIN SOLUTION A 125 ML,A30871,3.0,199.02,0,11.94,11.94,222.9,All / Saleable / INDICATOR POWDERS/SOLUTIONS
38220019,ALBERT'S STAIN SOLUTION B 125 ML,A30971,3.0,199.02,0,11.94,11.94,222.9,All / Saleable / INDICATOR POWDERS/SOLUTIONS
35029000,ALBUMIN BOVINE FRACTION V POW. 5.00 GM,A31501,5.0,3019.5,543.51,0,0,3563.01,All / Saleable / LABORATORY CHEMICALS
29362700,L-ASCORBIC ACID (VITAMIN-C) 5.00 GM,A33101,5.0,158.1,0,14.23,14.23,186.56,All / Saleable / LABORATORY CHEMICALS
29362700,L-ASCORBIC ACID (VITAMIN -C) 100.00 GM,A33117,9.0,3200.76,302.94,136.6,136.6,3776.9,All / Saleable / LABORATORY CHEMICALS
29224990,L-ARGININE (FOR BIOCHEMISTRY) 25.00 GM,A34209,6.0,1019.7,183.55,0,0,1203.25,All / Saleable / LABORATORY CHEMICALS
38220019,ACETO CARMINE 100 ML,A35671,33.0,11240.56,595.05,376.89,376.89,12589.39,All / Saleable / INDICATOR POWDERS/SOLUTIONS
38220019,ACETO ORCEIN SOLUTION 100 ML,A35771,19.0,4326.5,424.32,47.43,47.43,4845.68,All / Saleable / LABORATORY CHEMICALS
32041268,ALIZARIN RED S 10.00 GM,A43905,5.0,448.25,80.69,0,0,528.94,All / Saleable / SOLVENTS
29334900,AMMONIUM PURPURATE (MUREXIDE) 5.00 GM,A44001,3.0,522.66,0,47.04,47.04,616.7399999999999,All / Saleable / SOLVENTS
32041321,AURAMINE (M.S) (AURAMINE O) 25.00 GM,A52909,14.0,1918.2800000000002,0,172.64999999999998,172.64999999999998,2263.58,All / Saleable / LABORATORY CHEMICALS
38220090,AMMONIA BUFFER SOLUTION 500 ML,A61579,103.0,9724.580000000002,968.22,391.1,391.1,11475.0,All / Saleable / ANALYSIS KITS
28417090,AMMONIUM MOLYBDATE A.R. 100.00 GM,A72817,1.0,568.16,102.27,0,0,670.43,All / Saleable / LABORATORY CHEMICALS
29362700,L-ASCORBIC ACID (VITAMIN-C)A.R 5.00 GM,A73101,4.0,131.44,23.66,0,0,155.1,All / Saleable / LABORATORY CHEMICALS
29152100,ACETIC ACID GLACIAL A.R. 2.5 L,A74237,2.0,1329.28,0,119.64,119.64,1568.5600000000002,All / Saleable / INDICATOR PAPERS
29141100,ACETONE A.R. 500 ML,A74329,5.0,920.7,0,82.86,82.86,1086.42,All / Saleable / ACIDS
29141100,ACETONE A.R. 2.5 L,A74337,5.0,3642.5,0,327.82,327.82,4298.14,All / Saleable / ACIDS
29141100,ACETONE A.R 25 L,A74389,6.0,16800.0,0,1512.0,1512.0,19824.0,All / Saleable / ACIDS
29335990,ADENINE IP/USP 98.5%-101% 1.00 KG,A85225,2.0,12600.0,2268.0,0,0,14868.0,All / Saleable / LABORATORY CHEMICALS
29269000,ACETONITRILE HPLC 2.5 L,A94037,25.0,17800.0,3204.0,0,0,21004.0,All / Saleable / ACIDS
29269000,ACETONITRILE HPLC 1 L,A94083,2.0,1094.92,0,98.54,98.54,1292.0,All / Saleable / ACIDS
29029090,BIPHENYL 100.00 GM,B10119,8.0,1666.56,0,149.99,149.99,1966.54,All / Saleable / LABORATORY CHEMICALS
29152990,BARIUM ACETATE L.R 500.00 GM,B10129,1.0,334.8,0,30.13,30.13,395.06,All / Saleable / LABORATORY CHEMICALS
28273990,BARIUM CHLORIDE L.R. 500.00 GM,B10329,108.0,12363.720000000001,1170.18,527.66,527.66,14589.220000000003,All / Saleable / LABORATORY CHEMICALS
28352990,BARIUM PHOSPHATE L.R. 250.00 GM,B10425,3.0,598.92,0,53.9,53.9,706.7199999999999,All / Saleable / LABORATORY CHEMICALS
16030010,BILE SALT BACTERIOLOGICAL 100.00 GM,B10517,1.0,528.24,0,31.69,31.69,591.6200000000001,All / Saleable / LABORATORY CHEMICALS
16030010,BEEF EXTRACT 250.00 GM,B10525,4.0,1260.4,69.71,40.77,40.77,1411.65,All / Saleable / LABORATORY CHEMICALS
38220090,BIAL'S REAGENT 125 ML,B10571,1.0,135.78,0,12.22,12.22,160.22,All / Saleable / CLINICAL REAGENTS/STAINS
28342930,BARIUM NITRATE L.R. 500.00 GM,B10729,24.0,3169.44,0,285.25,285.25,3739.9399999999996,All / Saleable / LABORATORY CHEMICALS
29022000,BENZENE L.R. 500 ML,B10929,144.0,21960.96,2528.06,712.45,712.45,25913.920000000002,All / Saleable / ACIDS
29242990,BENZAMIDE 500.00 GM,B11129,2.0,928.76,0,83.59,83.59,1095.94,All / Saleable / LABORATORY CHEMICALS
29163110,BENZOIC ACID L.R. 500.00 GM,B11225,26.0,4490.92,606.82,100.78,100.78,5299.3,All / Saleable / LABORATORY CHEMICALS
29033920,BROMOFORM L.R. 250 ML,B11229,5.0,7173.4,1291.21,0,0,8464.61,All / Saleable / LABORATORY CHEMICALS
29122100,BENZALDEHYDE.L.R. 500 ML,B11479,35.0,8396.64,646.27,432.56,432.56,9908.03,All / Saleable / LABORATORY CHEMICALS
28342990,BISMUTH NITRATE L.R. 100.00 GM,B11517,8.0,2147.2,386.5,0,0,2533.7,All / Saleable / LABORATORY CHEMICALS
28332990,BISMUTH SULPHATE.L.R. 100.00 GM,B11617,5.0,1724.25,310.37,0,0,2034.62,All / Saleable / LABORATORY CHEMICALS
28100020,BORIC ACID L.R 500.00 GM,B11729,65.0,8686.999999999998,1430.8600000000001,66.39999999999999,66.39999999999999,10250.660000000002,All / Saleable / LABORATORY CHEMICALS
28100020,BORIC ACID L.R 5.00 KG,B11737,1.0,625.0,112.5,0,0,737.5,All / Saleable / LABORATORY CHEMICALS
28401900,BORAX L.R. 25.00 KG,B11888,1.0,5350.0,963.0,0,0,6313.0,All / Saleable / LABORATORY CHEMICALS
38220090,BARRITT'S REAGENT - A 500 ML,B12429,1.0,177.55,31.96,0,0,209.51000000000002,All / Saleable / LABORATORY CHEMICALS
38220090,BARRITT'S REAGENT-B (VP-TEST) 125 ML,B12571,1.0,37.82,0,3.4,3.4,44.62,All / Saleable / LABORATORY CHEMICALS
29163200,BENZOYL CHLORIDE 500 ML,B13929,16.0,3669.6,660.53,0,0,4330.13,All / Saleable / LABORATORY CHEMICALS
38220019,BARFOED'S REAGENT 125 ML,B20171,7.0,447.02000000000004,0,26.82,26.82,500.66,All / Saleable / CLINICAL REAGENTS/STAINS
38220019,BARIUM CHLORIDE SOLUTION 10% 500 ML,B20479,90.0,5170.6,543.84,38.32,38.32,5791.08,All / Saleable / LABORATORY CHEMICALS
38220019,BENEDICT'S REAGENT 500 ML,B20829,194.0,14206.4,1182.48,261.14,261.14,15911.159999999998,All / Saleable / CLINICAL REAGENTS/STAINS
38220019,BENEDICT'S REAGENT 5 L,B20851,35.0,14936.52,1611.4499999999998,90.47,90.47,16728.91,All / Saleable / CLINICAL REAGENTS/STAINS
38220090,BORSCHE'S REAGENT 125 ML,B21271,6.0,386.88,0,34.82,34.82,456.52,All / Saleable / CLINICAL REAGENTS/STAINS
38220019,BIURET REAGENT 125 ML,B21671,77.0,3003.3,291.72,34.33,34.33,3363.68,All / Saleable / CLINICAL REAGENTS/STAINS
28289011,BLEACHING POWDER-PRACTICAL GR. 500.00 GM,B22029,10.0,899.0,0,80.9,80.9,1060.8,All / Saleable / LABORATORY CHEMICALS
29033920,BROMO BENZENE 250 ML,B30575,3.0,776.88,139.84,0,0,916.72,All / Saleable / LABORATORY CHEMICALS
38220019,BENEDICTS REAGENT QUANTITATIVE 500 ML,B30829,2.0,342.24,0,20.53,20.53,383.29999999999995,All / Saleable / LABORATORY CHEMICALS
29343000,BROMOCRESOL GREEN POWDER 5.00 GM,B32001,6.0,1577.8,229.32,27.34,27.34,1861.8,All / Saleable / INDICATOR POWDERS/SOLUTIONS
38220090,BROMINE WATER 500 ML,B32229,21.0,2856.0,380.16,66.96000000000001,66.96000000000001,3370.08,All / Saleable / LABORATORY CHEMICALS
32041369,BRILLIANT GREEN STAIN POWDER 25.00 GM,B32309,4.0,481.12,0,43.3,43.3,567.7199999999999,All / Saleable / SOLVENTS
29094300,2-BUTOXY ETHANOL 500 ML,B42029,2.0,401.76,0,36.16,36.16,474.0799999999999,All / Saleable / LABORATORY CHEMICALS
29343000,BROMOPHENOL BLUE POWDER 5.00 GM,B42601,1.0,80.6,0,7.25,7.25,95.1,All / Saleable / SOLVENTS
38220090,BROMOPHENOL BLUE SOLUTION 125 ML,B42671,10.0,508.4,0,45.76,45.76,599.92,All / Saleable / SOLVENTS
38220090,BROMOTHYMOL BLUE SOLUTION 125 ML,B42771,11.0,551.86,7.82,45.76,45.76,651.1999999999999,All / Saleable / SOLVENTS
38220090,BROMOTHYMOL BLUE PAPER 200 LS,B42856,2.0,188.1,33.86,0,0,221.95999999999998,All / Saleable / INDICATOR PAPERS
38220090,BUFFER SOLUTION pH 4.0 500 ML,B43139,21.0,1697.08,288.29,8.59,8.59,2002.55,All / Saleable / LABORATORY CHEMICALS
38220090,BUFFER SOLUTION pH 7.0 500 ML,B43339,21.0,1697.08,288.29,8.59,8.59,2002.55,All / Saleable / LABORATORY CHEMICALS
38220090,BUFFER POWDER pH 4.0,B43601,20.0,1830.4,329.47,0,0,2159.87,All / Saleable / LABORATORY CHEMICALS
38220090,BUFFER POWDER pH 4.0,B43601,3.0,327.36,0,29.46,29.46,386.28,All / Saleable / LABORATORY CHEMICALS
38220090,BUFFER POWDER pH 4.0,B43601,10.0,1091.2,0,98.21,98.21,1287.6200000000001,All / Saleable / LABORATORY CHEMICALS
38220090,BUFFER POWDER pH 4.0,B43601,11.0,1200.3200000000002,0,108.02000000000001,108.02000000000001,1416.36,All / Saleable / LABORATORY CHEMICALS
38220090,BUFFER POWDER pH 4.0,B43601,2.0,218.24,0,19.64,19.64,257.52,All / Saleable / LABORATORY CHEMICALS
38220090,BUFFER POWDER pH 7.0,B44601,24.0,2266.88,329.47,39.28,39.28,2674.91,All / Saleable / LABORATORY CHEMICALS
38220090,BUFFER POWDER pH 7.0,B44601,6.0,654.72,0,58.92,58.92,772.56,All / Saleable / LABORATORY CHEMICALS
38220090,BUFFER POWDER pH 7.0,B44601,10.0,1091.2,0,98.21,98.21,1287.6200000000001,All / Saleable / LABORATORY CHEMICALS
38220090,BUFFER POWDER pH 7.0,B44601,2.0,218.24,0,19.64,19.64,257.52,All / Saleable / LABORATORY CHEMICALS
38220090,BUFFER POWDER  pH 9.2,B45601,2.0,218.24,0,19.64,19.64,257.52,All / Saleable / LABORATORY CHEMICALS
38220090,BUFFER POWDER  pH 9.2,B45601,3.0,327.36,0,29.46,29.46,386.28,All / Saleable / LABORATORY CHEMICALS
38220090,BUFFER POWDER  pH 9.2,B45601,4.0,436.48,0,39.28,39.28,515.04,All / Saleable / LABORATORY CHEMICALS
38220090,BUFFER POWDER  pH 9.2,B45601,13.0,1418.56,0,127.66999999999999,127.66999999999999,1673.9,All / Saleable / LABORATORY CHEMICALS
29051300,n-BUTYL ALCOHOL(1-Butanol) 500 ML,B60679,26.0,4860.0,513.22,180.79,180.79,5734.8,All / Saleable / ACIDS
28401900,BORAX A.R 500.00 GM,B72829,6.0,1290.84,0,116.18,116.18,1523.2,All / Saleable / LABORATORY CHEMICALS
28100020,BORIC ACID A.R. 500.00 GM,B73429,52.0,17828.72,0,1604.58,1604.58,21037.879999999997,All / Saleable / LABORATORY CHEMICALS
29163110,BENZOIC ACID I.P. 500.00 GM,B81229,7.0,1523.34,0,137.1,137.1,1797.5399999999997,All / Saleable / LABORATORY CHEMICALS
74031900,COPPER METAL TURNINGS 100.00 GM,C10017,42.0,4880.4,831.6,23.44,23.44,5758.88,All / Saleable / LABORATORY CHEMICALS
29152910,CALCIUM ACETATE DRIED L.R 500.00 GM,C10129,8.0,2103.04,0,189.28,189.28,2481.6000000000004,All / Saleable / LABORATORY CHEMICALS
28342990,CADMIUM NITRATE L.R. 100.00 GM,C10217,13.0,1612.0,0,145.07999999999998,145.07999999999998,1902.1599999999999,All / Saleable / LABORATORY CHEMICALS
28332990,CADMIUM SULPHATE L.R. 100.00 GM,C10417,1.0,184.14,0,16.57,16.57,217.27999999999997,All / Saleable / LABORATORY CHEMICALS
28272000,CALCIUM CHLORIDE DIHYDRATE.LR. 500.00 GM,C10529,21.0,2542.2,426.82,15.39,15.39,2999.8,All / Saleable / LABORATORY CHEMICALS
28365000,CALCIUM CARBONATE L.R. 500.00 GM,C10629,112.0,10112.52,1238.15,291.05,291.05,11932.77,All / Saleable / LABORATORY CHEMICALS
28365000,CALCIUM CARBONATE 25.00 KG,C10688,40.0,57000.0,0,5130.0,5130.0,67260.0,All / Saleable / LABORATORY CHEMICALS
28272000,CALCIUM CHLORIDE FUSED L.R. 500.00 GM,C10729,99.0,8144.209999999999,843.48,311.2300000000001,311.2300000000001,9610.15,All / Saleable / LABORATORY CHEMICALS
28342990,CALCIUM NITRATE L.R. 500.00 GM,C10929,33.0,3202.08,332.64,121.87,121.87,3778.46,All / Saleable / LABORATORY CHEMICALS
28342990,CALCIUM NITRATE 25.00 KG,C10988,1.0,1750.0,315.0,0,0,2065.0,All / Saleable / LABORATORY CHEMICALS
28259090,CALCIUM OXIDE POWDER L.R. 500.00 GM,C11029,2.0,255.44,0,22.98,22.98,301.40000000000003,All / Saleable / LABORATORY CHEMICALS
29181400,CITRIC ACID L.R. (BOTTLE) 5.00 KG,C11039,25.0,14075.0,0,1266.75,1266.75,16608.5,All / Saleable / LABORATORY CHEMICALS
29181400,CITRIC ACID (CARTON) 5.00 KG,C11050,24.0,9180.0,0,826.2,826.2,10832.400000000001,All / Saleable / LABORATORY CHEMICALS
28332990,CALCIUM SULPHATE DIHYDRATE L.R 500.00 GM,C11129,7.0,1054.62,0,94.92,94.92,1244.4599999999998,All / Saleable / LABORATORY CHEMICALS
28332990,CALCIUM SULPHATE DIHYDRATE 25.00 KG,C11198,6.0,13950.0,2511.0,0,0,16461.0,All / Saleable / LABORATORY CHEMICALS
28131000,CARBON DISULPHIDE L.R. 500 ML,C11329,16.0,3616.8,651.02,0,0,4267.82,All / Saleable / ACIDS
38021000,CHARCOAL ACTIVATED L.R. 250.00 GM,C11525,23.0,2405.4,284.54,74.21,74.21,2838.3599999999997,All / Saleable / LABORATORY CHEMICALS
28259040,CALCIUM HYDROXIDE.L.R. 500.00 GM,C11529,33.0,3430.8,356.4,130.57,130.57,4048.34,All / Saleable / LABORATORY CHEMICALS
38021000,CHARCOAL ACTIVATED Granular 500.00 GM,C11629,16.0,2254.72,405.85,0,0,2660.5699999999997,All / Saleable / LABORATORY CHEMICALS
38021000,CHARCOAL GRANULAR 25.00 KG,C11688,7.0,24255.0,2408.4,978.75,978.75,28620.9,All / Saleable / LABORATORY CHEMICALS
29031300,CHLOROFORM L.R. 500 ML,C11829,108.0,17931.760000000002,1818.43,704.6299999999999,704.6299999999999,21159.45,All / Saleable / LABORATORY CHEMICALS
29031300,CHLOROFORM L.R. 2.5 L,C11837,20.0,13571.76,1300.67,571.1300000000001,571.1300000000001,16014.69,All / Saleable / LABORATORY CHEMICALS
29122910,CINNAMALDEHYDE 250 ML,C12017,4.0,998.8,179.78,0,0,1178.58,All / Saleable / LABORATORY CHEMICALS
28332500,COPPER SULPHATE L.R. 5.00 KG,C12039,1.0,2799.3,0,251.94,251.94,3303.1800000000003,All / Saleable / LABORATORY CHEMICALS
74061000,COPPER METAL POWDER 500.00 GM,C12129,1.0,903.96,0,81.36,81.36,1066.68,All / Saleable / LABORATORY CHEMICALS
28220010,COBALT OXIDE (Co Content-70%) 50.00 GM,C12304,5.0,1375.0,0,123.75,123.75,1622.5,All / Saleable / LABORATORY CHEMICALS
29181400,CITRIC ACID L.R. 500.00 GM,C12329,66.0,10066.32,0,905.97,905.97,11878.259999999998,All / Saleable / LABORATORY CHEMICALS
29181400,CITRIC ACID.L.R. 25.00 KG,C12388,4.0,11900.0,0,1071.0,1071.0,14042.0,All / Saleable / LABORATORY CHEMICALS
34029011,CLEANSOL(LABORATORY DETERGENT) 5 L,C12401,12.0,6385.4400000000005,1787.92,0,0,8173.360000000001,All / Saleable / LABORATORY CHEMICALS
34029011,CLEANSOL(LABORATORY DETERGENT) 500 ML,C12429,80.0,7296.0,931.84,555.52,555.52,9338.880000000001,All / Saleable / LABORATORY CHEMICALS
28273990,COBALT CHLORIDE L.R. 100.00 GM,C12517,3.0,1106.7,0,99.6,99.6,1305.8999999999999,All / Saleable / LABORATORY CHEMICALS
28342990,COBALT NITRATE L.R. 100.00 GM,C12617,19.0,6361.2,0,572.51,572.51,7506.22,All / Saleable / LABORATORY CHEMICALS
28342990,COBALT NITRATE L.R. 500.00 GM,C12629,4.0,6066.08,0,545.95,545.95,7157.98,All / Saleable / LABORATORY CHEMICALS
28342990,COBALT NITRATE 5.00 KG,C12639,32.0,140000.0,0,12600.0,12600.0,165200.0,All / Saleable / LABORATORY CHEMICALS
34029011,CLEANSOL 30 L,C12899,2.0,3000.0,0,420.0,420.0,3840.0,All / Saleable / LABORATORY CHEMICALS
28332500,COPPER SULPHATE L.R. 500.00 GM,C12929,94.0,25878.0,2855.7,901.1600000000001,901.1600000000001,30536.020000000004,All / Saleable / LABORATORY CHEMICALS
28332500,COPPER SULPHATE.L.R. 25.00 KG,C12988,2.0,12750.0,0,1147.5,1147.5,15045.0,All / Saleable / LABORATORY CHEMICALS
28332500,COPPER SULPHATE ANHYDROUS 500.00 GM,C13829,2.0,1827.76,0,164.5,164.5,2156.76,All / Saleable / LABORATORY CHEMICALS
28273990,CUPRIC CHLORIDE L.R. 500.00 GM,C14029,20.0,8811.0,1585.98,0,0,10396.98,All / Saleable / LABORATORY CHEMICALS
33012918,CINNAMON OIL 100 ML,C14317,2.0,679.52,0,61.16,61.16,801.8399999999999,All / Saleable / LABORATORY CHEMICALS
28342990,CUPRIC NITRATE L.R. 500.00 GM,C15029,5.0,1406.6,253.19,0,0,1659.79,All / Saleable / LABORATORY CHEMICALS
29021100,CYCLO HEXANE 500 ML,C15129,10.0,800.0,0,72.0,72.0,944.0,All / Saleable / ACIDS
28261990,CALCIUM FLUORIDE 500.00 GM,C15229,1.0,302.56,0,27.23,27.23,357.02000000000004,All / Saleable / LABORATORY CHEMICALS
29163910,CINNAMIC ACID 250.00 GM,C15325,3.0,1328.04,0,119.52,119.52,1567.08,All / Saleable / LABORATORY CHEMICALS
28461090,CERIC SULPHATE L.R 100.00 GM,C15417,1.0,760.74,0,68.47,68.47,897.6800000000001,All / Saleable / LABORATORY CHEMICALS
29142922,CAMPHOR 100.00 GM,C17317,35.0,5278.799999999999,116.53,416.83,416.83,6228.99,All / Saleable / LABORATORY CHEMICALS
38059090,CEDAR WOOD OIL 25 ML,C21709,192.0,35520.36,4734.36,829.63,829.63,41913.98,All / Saleable / CLINICAL REAGENTS/STAINS
29152990,CADMIUM ACETATE 100.00 GM,C30317,2.0,357.12,0,32.14,32.14,421.4,All / Saleable / LABORATORY CHEMICALS
29332100,CREATININE 25.00 GM,C30909,2.0,536.92,0,48.32,48.32,633.5600000000001,All / Saleable / LABORATORY CHEMICALS
38220019,CARBOL FUCHSIN STRONG SOLUTION 500 ML,C31229,6.0,1316.88,0,79.01,79.01,1474.9,All / Saleable / LABORATORY CHEMICALS
38220019,CARBOL FUCHSIN STRONG SOLUTION 125 ML,C31271,57.0,3641.0,232.32,102.30000000000001,102.30000000000001,4077.92,All / Saleable / INDICATOR POWDERS/SOLUTIONS
29061310,CHOLESTEROL A.R. 5.00 GM,C32101,12.0,2156.8,316.8,35.71,35.71,2545.02,All / Saleable / LABORATORY CHEMICALS
38220019,CRYSTAL VIOLET SOLN. OXALATED 125 ML,C33971,68.0,3632.7200000000003,192.19,121.86999999999999,121.86999999999999,4068.6499999999996,All / Saleable / INDICATOR POWDERS/SOLUTIONS
38220090,COBALT CHLORIDE TEST PAPER 200 LS,C40356,20.0,1560.0,280.8,0,0,1840.8,All / Saleable / LABORATORY CHEMICALS
38220090,CALCIUM HARDNESS POWDER 25.00 GM,C40859,25.0,883.5,0,79.52,79.52,1042.54,All / Saleable / ANALYSIS KITS
29309040,L-CYSTEINE (FOR BIOCHEMISTRY) 5.00 GM,C43101,1.0,120.28,0,10.83,10.83,141.94000000000003,All / Saleable / LABORATORY CHEMICALS
28011000,CHLORINE TABLETS 100.00 GM,C51017,6.0,915.12,0,82.36,82.36,1079.84,All / Saleable / LABORATORY CHEMICALS
28011000,CHLORINE TABLETS (Cl- 58-62%) 500.00 GM,C51029,6.0,4185.0,0,376.65,376.65,4938.299999999999,All / Saleable / LABORATORY CHEMICALS
29031300,CHLOROFORM A.R. 2.5 L,C74237,2.0,1770.72,0,159.36,159.36,2089.44,All / Saleable / LABORATORY CHEMICALS
29142200,CYCLO HEXANONE A.R 2.5 L,C75037,10.0,5000.0,0,450.0,450.0,5900.0,All / Saleable / LABORATORY CHEMICALS
28272000,CALCIUM CHLORIDE DIHYDRATE I.P 500.00 GM,C84229,12.0,1930.32,0,173.73,173.73,2277.7799999999997,All / Saleable / SOLVENTS
29181400,CITRIC ACID IP/USP 25.00 KG,C84803,18.0,46490.0,1215.0,3576.6,3576.6,54858.2,All / Saleable / LABORATORY CHEMICALS
29181400,CITRIC ACID IP/USP 500.00 GM,C84829,5.0,846.3,0,76.17,76.17,998.6399999999999,All / Saleable / LABORATORY CHEMICALS
29280090,DIACETYL MONOXIME L.R. 25.00 GM,D10109,10.0,1875.5,337.59,0,0,2213.09,All / Saleable / CLINICAL REAGENTS/STAINS
29309099,DIMETHYL SULPHOXIDE 500 ML,D10629,10.0,2945.0,0,265.05,265.05,3475.1000000000004,All / Saleable / LABORATORY CHEMICALS
29214410,DIPHENYLAMINE 100.00 GM,D10637,3.0,414.78,0,37.33,37.33,489.43999999999994,All / Saleable / LABORATORY CHEMICALS
38220090,DAVARDA'S ALLOY POWDER 100.00 GM,D10717,1.0,200.88,0,18.08,18.08,237.03999999999996,All / Saleable / LABORATORY CHEMICALS
29091100,DIETHYL ETHER L.R. 500 ML,D11529,367.0,66596.84000000001,3687.55,4149.94,4149.94,78584.27,All / Saleable / ACIDS
29091100,DIETHYL ETHER - 98% 2.5 L,D11537,16.0,10997.32,1979.52,0,0,12976.84,All / Saleable / ACIDS
29039130,"1,4-DICHLOROBENZENE 500.00 GM",D12529,20.0,2704.0,486.72,0,0,3190.7200000000003,All / Saleable / LABORATORY CHEMICALS
28539010,D.M.WATER 5 L,D15051,1025.0,159125.0,18630.0,5006.25,5006.25,187767.5,All / Saleable / LABORATORY CHEMICALS
28539010,D.M.WATER 25 L,D15099,15.0,9375.0,1687.5,0,0,11062.5,All / Saleable / LABORATORY CHEMICALS
28539010,D.M.WATER (DOUBLE DISTILLED) 5 L,D17151,41.0,11785.0,0,1060.65,1060.65,13906.3,All / Saleable / LABORATORY CHEMICALS
28539010,D.M.WATER 500 ML,D20079,48.0,2054.2400000000002,138.53,115.61,115.61,2423.9900000000002,All / Saleable / LABORATORY CHEMICALS
29242990,"N,N-DIMETHYL ACETAMIDE 500 ML",D20129,1.0,245.52,0,22.1,22.1,289.72,All / Saleable / LABORATORY CHEMICALS
38220019,DRABKINS SOLUTION 1 L,D21083,1.0,139.5,0,8.37,8.37,156.24,All / Saleable / CLINICAL REAGENTS/STAINS
29241900,N-N-DIMETHYL FORMAMIDE 2.5 L,D21137,3.0,1965.15,353.73,0,0,2318.88,All / Saleable / LABORATORY CHEMICALS
29241900,N-N-DIMETHYL FORMAMIDE 500 ML,D21179,4.0,751.44,0,67.62,67.62,886.6800000000001,All / Saleable / LABORATORY CHEMICALS
38220090,DRAGENDROFF'S REAGENT 125 ML,D30471,5.0,3081.0,554.58,0,0,3635.58,All / Saleable / LABORATORY CHEMICALS
38220019,D.P.X.MOUNTANT 250 ML,D30475,6.0,1264.8000000000002,0,75.89,75.89,1416.5800000000002,All / Saleable / CLINICAL REAGENTS/STAINS
29091100,DIETHYL ETHER.A.R 500 ML,D71529,5.0,982.8,176.9,0,0,1159.7,All / Saleable / SOLVENTS
29224990,EDTA (ACID) L.R. 100.00 GM,E10117,10.0,1202.8,0,108.25,108.25,1419.3,All / Saleable / LABORATORY CHEMICALS
29224990,EDTA DISODIUM SALT L.R. 100.00 GM,E10217,96.0,8208.72,1373.11,52.23,52.23,9686.289999999999,All / Saleable / LABORATORY CHEMICALS
29224990,EDTA DISODIUM SALT L.R 500.00 GM,E10229,87.0,31269.7,5116.860000000001,255.85,255.85,36898.259999999995,All / Saleable / LABORATORY CHEMICALS
29224990,EDTA DI POTASSIUM SALT 100.00 GM,E10317,1.0,194.68,0,17.52,17.52,229.72000000000003,All / Saleable / LABORATORY CHEMICALS
29153100,ETHYL ACETATE L.R. 500 ML,E11429,9.0,1272.24,0,114.5,114.5,1501.24,All / Saleable / ACIDS
29153100,ETHYL ACETATE L.R. 2.5 L,E11437,14.0,7299.88,712.01,300.99,300.99,8613.869999999999,All / Saleable / ACIDS
29053100,ETHYLENE GLYCOL (ETHANE DI_OL) 500 ML,E11529,1.0,200.88,0,18.08,18.08,237.03999999999996,All / Saleable / LABORATORY CHEMICALS
29141200,ETHYL METHYL KETONE (MEK) 200 L,E11604,46.0,1150000.0,207000.0,0,0,1357000.0,All / Saleable / ACIDS
29141200,ETHYL METHYL KETONE 500 ML,E11629,80.0,16320.0,2937.6,0,0,19257.6,All / Saleable / ACIDS
29141200,ETHYL METHYL KETONE (MEK) 2.5 L,E11637,52.0,42749.68,3230.9399999999996,2232.0,2232.0,50444.62,All / Saleable / ACIDS
29224990,EDTA DISODIUM SALT 2.50 KG,E11739,2.0,3445.96,0,310.14,310.14,4066.24,All / Saleable / LABORATORY CHEMICALS
29224990,EDTA DISODIUM SALT 25.00 KG,E11788,2.0,13800.0,0,1242.0,1242.0,16284.0,All / Saleable / LABORATORY CHEMICALS
29141200,ETHYL METHYL KETONE (MEK) 25 L,E12888,6.0,19150.0,0,1723.5,1723.5,22597.0,All / Saleable / ACIDS
29163190,ETHYL BENZOATE 500 ML,E13129,9.0,3984.12,0,358.57000000000005,358.57000000000005,4701.26,All / Saleable / LABORATORY CHEMICALS
38220019,EDTA SOLUTION 10% 125 ML,E20371,192.0,10454.4,1254.53,0,0,11708.93,All / Saleable / CLINICAL REAGENTS/STAINS
38220019,EHRLICHS REAGENT 125 ML,E20671,6.0,345.96000000000004,0,20.76,20.76,387.48,All / Saleable / CLINICAL REAGENTS/STAINS
38220019,EOSINOPHIL DILUTING FLUID 125 ML,E21071,5.0,303.8,0,18.23,18.23,340.26000000000005,All / Saleable / CLINICAL REAGENTS/STAINS
38220019,ESBACH'S REAGENT (FOR PROTEIN) 125 ML,E21371,2.0,111.6,0,6.7,6.7,125.0,All / Saleable / CLINICAL REAGENTS/STAINS
38220019,EDTA Solution 5% 125 ML,E21471,32.0,1390.4,166.85,0,0,1557.25,All / Saleable / CLINICAL REAGENTS/STAINS
35021900,EGG ALBUMIN FLAKES 25.00 GM,E30109,10.0,1118.0,201.24,0,0,1319.24,All / Saleable / LABORATORY CHEMICALS
32041291,EOSIN YELLOW STAIN POWDER 25.00 GM,E30809,5.0,638.6,0,57.47,57.47,753.5400000000001,All / Saleable / INDICATOR POWDERS/SOLUTIONS
38220019,EOSIN YELLOW STAIN SOLUTION 125 ML,E30971,38.0,1940.12,192.19,20.31,20.31,2172.93,All / Saleable / INDICATOR POWDERS/SOLUTIONS
38220090,ERIOCHROME BLACK T SOLUTION 125 ML,E41171,10.0,502.2,0,45.2,45.2,592.6,All / Saleable / SOLVENTS
32041979,ERIOCHROME BLACK T POWDER 25.00 GM,E41209,1.0,120.28,0,10.83,10.83,141.94000000000003,All / Saleable / SOLVENTS
33012924,EUCALYPTUS OIL 250 ML,E41525,2.0,1313.16,0,118.18,118.18,1549.5200000000002,All / Saleable / LABORATORY CHEMICALS
38220090,EDTA SOLUTION N/10 500 ML,E50479,160.0,9999.199999999999,1799.8500000000001,0,0,11799.05,All / Saleable / VOLUMETRIC SOLUTIONS
38220090,EDTA SOLUTION N/50 500 ML,E60579,143.0,8335.91,1455.3000000000002,22.58,22.58,9836.369999999999,All / Saleable / ANALYSIS KITS
29153100,ETHYL ACETATE A.R 500 ML,E71429,10.0,1915.8,0,172.42,172.42,2260.64,All / Saleable / ACIDS
28273990,FERRIC CHLORIDE ANHYDROUS 500.00 GM,F10329,118.0,11012.279999999999,1290.96,345.62,345.62,12994.48,All / Saleable / LABORATORY CHEMICALS
28332910,FERROUS SULPHATE L.R. 500.00 GM,F10729,175.0,13005.66,1544.3999999999999,398.30000000000007,398.30000000000007,15346.660000000003,All / Saleable / LABORATORY CHEMICALS
28309010,FERROUS SULPHIDE STICKS L.R. 1.00 KG,F10833,2.0,431.52,0,38.84,38.84,509.20000000000005,All / Saleable / LABORATORY CHEMICALS
29121100,FORMALDEHYDE L.R. 5 L,F11201,210.0,96284.88,11648.880000000001,2841.21,2841.21,113616.18,All / Saleable / LABORATORY CHEMICALS
29121100,FORMALDEHYDE L.R. 500 ML,F11229,83.0,6708.039999999999,265.32,471.06,471.06,7915.480000000001,All / Saleable / LABORATORY CHEMICALS
28332990,FERRIC SULPHATE L.R. 500.00 GM,F11829,1.0,275.9,0,24.83,24.83,325.55999999999995,All / Saleable / LABORATORY CHEMICALS
28342990,FERRIC NITRATE(IRON III NITRA) 500.00 GM,F11929,4.0,396.8,0,35.71,35.71,468.21999999999997,All / Saleable / LABORATORY CHEMICALS
29121100,FORMALDEHYDE.L.R. 30 L,F15089,2.0,5768.48,0,519.16,519.16,6806.799999999999,All / Saleable / LABORATORY CHEMICALS
29362910,FOLIC ACID - 98% 10.00 GM,F15305,25.0,14312.5,0,1288.13,1288.13,16888.760000000002,All / Saleable / LABORATORY CHEMICALS
38220090,FEHLING'S SOLUTION NO.1 500 ML,F20179,41.0,5764.799999999999,475.2,281.22999999999996,281.22999999999996,6802.46,All / Saleable / CLINICAL REAGENTS/STAINS
38220090,FEHLING'S SOLUTION NO.2 500 ML,F20279,43.0,10735.5,841.5,545.43,545.43,12667.859999999999,All / Saleable / CLINICAL REAGENTS/STAINS
38220019,FOUCHET'S REAGENT 125 ML,F21971,107.0,8513.18,542.52,239.52,239.52,9534.74,All / Saleable / CLINICAL REAGENTS/STAINS
38220090,FOOD ADULTER.TEST KIT (500 TE),F25950,2.0,1687.92,303.83,0,0,1991.75,All / Saleable / ANALYSIS KITS
38220019,FIELD'S STAIN SOLUTION A 500 ML,F30929,13.0,2498.6,0,149.92,149.92,2798.44,All / Saleable / LABORATORY CHEMICALS
38220019,FIELD'S STAIN SOLUTION A 125 ML,F30971,13.0,765.7,0,45.94,45.94,857.5800000000002,All / Saleable / LABORATORY CHEMICALS
38220019,FIELD'S STAIN-SOLUTION B 500 ML,F31029,13.0,2498.6,0,149.92,149.92,2798.44,All / Saleable / INDICATOR POWDERS/SOLUTIONS
38220019,FIELD'S STAIN-SOLUTION B 125 ML,F31071,13.0,765.7,0,45.94,45.94,857.5800000000002,All / Saleable / INDICATOR POWDERS/SOLUTIONS
32041343,FUCHSIN BASIC STAIN POWDER 25.00 GM,F31709,20.0,1810.4,0,162.94,162.94,2136.28,All / Saleable / INDICATOR POWDERS/SOLUTIONS
17025000,FRUCTOSE 100.00 GM,F41205,2.0,228.16,0,20.53,20.53,269.22,All / Saleable / LABORATORY CHEMICALS
38220090,FERROIN INDICATOR SOLUTION.A.R 25 ML,F70609,4.0,489.72,88.15,0,0,577.87,All / Saleable / LABORATORY CHEMICALS
29121100,FORMALDEHYDE A.R 500 ML,F74229,2.0,308.76,0,27.79,27.79,364.34000000000003,All / Saleable / LABORATORY CHEMICALS
17023020,D-GLUCOSE ANHYDROUS.L.R. 500.00 GM,G10229,4.0,454.09999999999997,18.13,31.799999999999997,31.799999999999997,535.83,All / Saleable / LABORATORY CHEMICALS
17023020,D-GLUCOSE MONOHYDRATE.L.R. 500.00 GM,G10329,2.0,240.56,0,21.65,21.65,283.85999999999996,All / Saleable / LABORATORY CHEMICALS
13012000,GUM ACACIA 500.00 GM,G10429,20.0,5071.6,0,126.8,126.8,5325.200000000001,All / Saleable / LABORATORY CHEMICALS
13012000,GUM ACACIA 500.00 GM,G10429,5.0,1267.9,0,31.7,31.7,1331.3,All / Saleable / LABORATORY CHEMICALS
29054500,GLYCERINE L.R. (GLYCEROL) 500 ML,G11029,59.0,9221.940000000002,1081.08,289.42999999999995,289.42999999999995,10881.880000000001,All / Saleable / LABORATORY CHEMICALS
29224910,GLYCINE ( AMINO ACETIC ACID) 250.00 GM,G11525,2.0,407.96,0,36.72,36.72,481.4,All / Saleable / LABORATORY CHEMICALS
17023020,D-GLUCOSE ANHYDROUS.L.R.(B) 5.00 KG,G11540,2.0,1721.12,0,154.9,154.9,2030.92,All / Saleable / LABORATORY CHEMICALS
17023020,D-GLUCOSE ANHYDROUS (CARTON) 5.00 KG,G11550,56.0,29701.43,0,2673.13,2673.13,35047.69,All / Saleable / LABORATORY CHEMICALS
29224210,L-GLUTAMIC ACID 100.00 GM,G12417,1.0,114.08,0,10.27,10.27,134.62,All / Saleable / LABORATORY CHEMICALS
38220019,GRAM'S COLOUR STAINING KIT,G21950,22.0,6528.0,403.92,189.70999999999998,189.70999999999998,7311.34,All / Saleable / LABORATORY CHEMICALS
38220019,GIEMSA'S STAIN SOLUTION 125 ML,G30871,1.0,142.6,0,8.56,8.56,159.72,All / Saleable / INDICATOR POWDERS/SOLUTIONS
38220019,GRAM'S IODINE 125 ML,G31171,122.0,7498.240000000001,133.32,383.24,383.24,8398.04,All / Saleable / INDICATOR POWDERS/SOLUTIONS
38011000,GRAPHITE POWDER (150 MICRON) 500.00 GM,G31829,1.0,76.26,0,6.86,6.86,89.98,All / Saleable / LABORATORY CHEMICALS
17023020,D-GLUCOSE ANHYDROUS IP/USP 35.00 KG,G84503,139.0,370479.55,6300.0,30193.16,30193.16,437165.87,All / Saleable / LABORATORY CHEMICALS
29336990,HEXAMINE 500.00 GM,H10029,4.0,612.56,0,55.14,55.14,722.8399999999999,All / Saleable / LABORATORY CHEMICALS
28061000,HYDROCHLORIC ACID 25 L,H10223,20.0,18120.0,0,1630.8,1630.8,21381.6,All / Saleable / LABORATORY CHEMICALS
28061000,HYDROCHLORIC ACID L.R. 500 ML,H10229,395.0,27352.800000000003,2419.2,1252.18,1252.18,32276.359999999997,All / Saleable / LABORATORY CHEMICALS
28061000,HYDROCHLORIC ACID L.R. 2.5 L,H10237,53.0,11402.14,183.35,934.5200000000001,934.5200000000001,13454.53,All / Saleable / LABORATORY CHEMICALS
28061000,HYDROCHLORIC ACID.L.R. (BPb) 500 ML,H10239,20.0,1221.0,219.78,0,0,1440.78,All / Saleable / LABORATORY CHEMICALS
28061000,HYDROCHLORIC ACID 5 L,H10251,265.0,86710.28,12330.43,1638.71,1638.71,102318.13,All / Saleable / LABORATORY CHEMICALS
28111100,HYDROFLUORIC ACID L.R. 500 ML,H10529,32.0,6666.24,0,599.96,599.96,7866.16,All / Saleable / LABORATORY CHEMICALS
28470000,HYDROGEN PEROXIDE 6% 20 VOL. 1 L,H10683,134.0,8564.58,892.8,324.41999999999996,324.41999999999996,10106.220000000001,All / Saleable / LABORATORY CHEMICALS
28470000,HYDROGEN PEROXIDE 30% 100 VOL. 500 ML,H10729,252.0,23546.4,3108.96,564.7,564.7,27784.760000000002,All / Saleable / LABORATORY CHEMICALS
29011000,HEXANE 500 ML,H11029,17.0,2449.2,411.84,14.51,14.51,2890.06,All / Saleable / ACIDS
29011000,HEXANE 25 L,H11033,18.0,55800.0,0,5022.0,5022.0,65844.0,All / Saleable / ACIDS
29011000,HEXANE 2.5 L,H11037,8.0,4672.32,0,420.5,420.5,5513.32,All / Saleable / ACIDS
28061000,HYDROCHLORIC ACID L.R.T.C 500 ML,H11229,99.0,7603.2,1368.58,0,0,8971.779999999999,All / Saleable / LABORATORY CHEMICALS
28251030,HYDRAZINE SULPHATE.L.R. 100.00 GM,H11517,3.0,394.32,0,35.49,35.49,465.3,All / Saleable / LABORATORY CHEMICALS
38089340,HUMIC ACID 90% 500.00 GM,H12029,1.0,143.22,0,12.89,12.89,169.0,All / Saleable / AGRO PRODUCTS
28061000,HYDROCHLORIC ACID.L.R. TC PACK 2.5 L,H12037,12.0,2904.0,522.72,0,0,3426.7200000000003,All / Saleable / LABORATORY CHEMICALS
28061000,HYDROCHLORIC ACID C.P. 500 ML,H12829,100.0,2900.0,0,261.0,261.0,3422.0,All / Saleable / LABORATORY CHEMICALS
28251090,HYDROXYL AMINE HYDROCHLORIDE 100.00 GM,H16017,6.0,1126.23,0,101.36,101.36,1328.9499999999998,All / Saleable / LABORATORY CHEMICALS
28470000,HYDROGEN PEROXIDE 3% SOLUTION 500 ML,H20379,600.0,22561.2,4060.8,0,0,26622.0,All / Saleable / LABORATORY CHEMICALS
28470000,HYDROGEN PEROXIDE 30% 5 L,H21851,36.0,11940.0,0,1074.6,1074.6,14089.2,All / Saleable / LABORATORY CHEMICALS
28470000,HYDROGEN PEROXIDE 6% 5 L,H21951,10.0,3228.5,581.13,0,0,3809.63,All / Saleable / LABORATORY CHEMICALS
38220019,HAEMATOXYLIN (Harris's) 125 ML,H30271,97.0,19312.5,2289.6,13.95,13.95,21630.0,All / Saleable / INDICATOR POWDERS/SOLUTIONS
32041339,HAEMATOXYLIN STAIN POWDER 5.00 GM,H31001,15.0,14080.0,748.8,892.8,892.8,16614.399999999998,All / Saleable / INDICATOR POWDERS/SOLUTIONS
28061000,HYDROCHLORIC ACID N/1 500 ML,H50379,142.0,8790.6,1556.65,12.83,12.83,10372.91,All / Saleable / VOLUMETRIC SOLUTIONS
28061000,HYDROCHLORIC ACID N/10 500 ML,H50399,270.0,16951.0,2922.84,64.17,64.17,20002.18,All / Saleable / VOLUMETRIC SOLUTIONS
28111100,HYDROFLUORIC ACID 48% 500 ML,H50499,6.0,1915.8,0,172.42,172.42,2260.64,All / Saleable / LABORATORY CHEMICALS
28061000,HYDROCHLORIC ACID A.R 500 ML,H70829,11.0,1176.46,0,105.87,105.87,1388.2,All / Saleable / LABORATORY CHEMICALS
28061000,HYDROCHLORIC ACID A.R 2.5 L,H70837,6.0,1960.44,0,176.44,176.44,2313.32,All / Saleable / LABORATORY CHEMICALS
29011000,HEXANE A.R 25 L,H71033,3.0,10078.0,0,907.02,907.02,11892.04,All / Saleable / LABORATORY CHEMICALS
29011000,n-HEXANE A.R. 99% 500 ML,H72029,9.0,5256.36,0,473.06,473.06,6202.48,All / Saleable / ACIDS
29011000,n-HEXANE A.R 2.5 L,H72037,1.0,1877.98,0,169.02,169.02,2216.02,All / Saleable / ACIDS
29011000,HEPTANE 500 ML,H72079,4.0,1535.12,0,138.16,138.16,1811.44,All / Saleable / ACIDS
32151190,INDIAN INK 125 ML,I10071,2.0,370.76,0,33.37,33.37,437.5,All / Saleable / LABORATORY CHEMICALS
72052910,IRON FILINGS 1.00 KG,I10133,1.0,352.16,0,31.69,31.69,415.54,All / Saleable / LABORATORY CHEMICALS
38059090,IMMERSION OIL (For Microscopy) 30 ML,I10610,26.0,5609.76,0,504.88,504.88,6619.5199999999995,All / Saleable / LABORATORY CHEMICALS
28012000,IODINE RESUBLIMED L.R. 100.00 GM,I10917,24.0,18550.2,402.48,911.77,911.77,20776.219999999994,All / Saleable / LABORATORY CHEMICALS
29051220,ISO PROPYL ALCOHOL L.R 5 L,I11101,74.0,42495.0,0,3824.55,3824.55,50144.1,All / Saleable / ACIDS
29051220,ISO PROPYL ALCOHOL.L.R. 500 ML,I11129,252.0,36882.04,2445.2999999999997,2096.7400000000002,2096.7400000000002,43520.82,All / Saleable / ACIDS
29051220,ISO PROPYL ALCOHOL L.R. 2.5 L,I11137,166.0,120792.95999999999,5943.17,7899.790000000001,7899.790000000001,142535.71,All / Saleable / ACIDS
29051220,ISO PROPYL ALCOHOL L.R 200 L,I11291,2.0,48000.0,0,4320.0,4320.0,56640.0,All / Saleable / ACIDS
28276090,IODOPHOR 5 L,I11451,21.0,27324.7,0,2459.2200000000003,2459.2200000000003,32243.14,All / Saleable / LABORATORY CHEMICALS
29051220,ISO PROPYL ALCOHOL.L.R. 25 L,I15033,101.0,366975.0,48483.0,8786.25,8786.25,433030.5,All / Saleable / ACIDS
29051220,ISO PROPYL ALCOHOL 30 L,I15089,12.0,42000.0,2592.0,2484.0,2484.0,49560.0,All / Saleable / ACIDS
29051220,ISO PROPYL ALCOHOL 70% 25 L,I16088,24.0,61200.0,0,5508.0,5508.0,72216.0,All / Saleable / LABORATORY CHEMICALS
38220019,IODINE SOLUTION 1% 125 ML,I20317,29.0,1752.66,106.83,51.739999999999995,51.739999999999995,1962.97,All / Saleable / CLINICAL REAGENTS/STAINS
38220090,INDICATOR PAPER N.R 2.0-4.5 200 LS,I40156,20.0,2097.6,172.22,102.67,102.67,2475.16,All / Saleable / INDICATOR PAPERS
38220090,INDICATOR PAPER N.R 3.5-6.0 200 LS,I40256,10.0,956.8,172.22,0,0,1129.02,All / Saleable / INDICATOR PAPERS
29337900,INIDOLE-3-ACETIC ACID (I.A.A) 5.00 GM,I40401,6.0,1968.08,289.08,32.59,32.59,2322.34,All / Saleable / LABORATORY CHEMICALS
38220090,IND.PAPER WIDE RANGE O.0-10.0 200 LS,I40656,100.0,11058.0,907.92,541.25,541.25,13048.42,All / Saleable / INDICATOR PAPERS
38220090,INDICATOR PAPER (1-14) 200 LS,I41056,210.0,22145.1,3444.86,270.63,270.63,26131.22,All / Saleable / LABORATORY CHEMICALS
38220090,IODINE SOLUTION N/10 500 ML,I51079,96.0,22291.2,2566.08,723.17,723.17,26303.62,All / Saleable / VOLUMETRIC SOLUTIONS
29051220,ISO PROPYL ALCOHOL A.R 25 L,I70888,42.0,99750.0,17955.0,0,0,117705.0,All / Saleable / ACIDS
29051220,ISO PROPYL ALCOHOL (EL Grade) 2.5 L,I94537,118.0,80865.0,12670.02,942.84,942.84,95420.70000000001,All / Saleable / ACIDS
35079069,JACK BEAN MEAL 100.00 GM,J10525,10.0,1680.2,0,151.22,151.22,1982.64,All / Saleable / LABORATORY CHEMICALS
38220019,J.S.B.STAIN SOLUTION NO:1 125 ML,J30172,28.0,1909.6,0,114.58000000000001,114.58000000000001,2138.76,All / Saleable / INDICATOR POWDERS/SOLUTIONS
38220019,J.S.B.STAIN SOLUTION NO:2 125 ML,J30271,25.0,1705.0,0,102.30000000000001,102.30000000000001,1909.6,All / Saleable / INDICATOR POWDERS/SOLUTIONS
38220090,K.F.REAGENT (PYRADINE FREE) 500 ML,K10379,2.0,2887.5,0,259.88,259.88,3407.26,All / Saleable / LABORATORY CHEMICALS
38220090,KOVAC'S INDOLE REAGENT 125 ML,K20171,6.0,548.13,14.41,42.13,42.13,646.8,All / Saleable / CLINICAL REAGENTS/STAINS
29152990,LEAD ACETATE L.R. 500.00 GM,L10129,107.0,21969.780000000002,2082.02,936.2700000000002,936.2700000000002,25924.340000000004,All / Saleable / LABORATORY CHEMICALS
38220019,LEISHMAN'S STAIN SOLUTION (S) 250 ML,L10475,43.0,4167.9,217.8,141.17000000000002,141.17000000000002,4668.040000000001,All / Saleable / INDICATOR POWDERS/SOLUTIONS
28342990,LITHIUM NITRATE ANHYDROUS 98% 100.00 GM,L10519,6.0,807.24,0,72.65,72.65,952.54,All / Saleable / LABORATORY CHEMICALS
28273990,LITHIUM CHLORIDE ANHYDROUS 250.00 GM,L10525,1.0,363.94,0,32.75,32.75,429.44,All / Saleable / LABORATORY CHEMICALS
38220019,LEISHMAN'S STAIN SOLUTION (S) 500 ML,L10529,60.0,7140.0,0,428.4,428.4,7996.799999999999,All / Saleable / INDICATOR POWDERS/SOLUTIONS
28369100,LITHIUM CARBONATE L.R 250.00 GM,L10725,1.0,436.48,0,39.28,39.28,515.04,All / Saleable / LABORATORY CHEMICALS
17021110,LACTOSE MONO HYDRATE 500.00 GM,L10829,28.0,6996.08,0,629.6500000000001,629.6500000000001,8255.380000000001,All / Saleable / LABORATORY CHEMICALS
28249000,LEAD PEROXIDE (DIOXIDE) 500.00 GM,L11529,1.0,571.64,0,51.45,51.45,674.5400000000001,All / Saleable / LABORATORY CHEMICALS
38220019,LACTOPHENOL-COTTON BLUE M.S. 500 ML,L11629,2.0,422.84,0,25.37,25.37,473.58,All / Saleable / CLINICAL REAGENTS/STAINS
38220090,LAMPOSOLV 500 ML,L20129,40.0,4811.2,0,433.01,433.01,5677.22,All / Saleable / LABORATORY CHEMICALS
38220090,LIME WATER 500 ML,L20229,61.0,3977.5,702.0,6.97,6.97,4693.44,All / Saleable / LABORATORY CHEMICALS
28249000,LEAD OXIDE RED 500.00 GM,L20329,5.0,1476.8,265.82,0,0,1742.62,All / Saleable / LABORATORY CHEMICALS
28332990,LEAD SULPHATE 500.00 GM,L20429,2.0,577.84,0,52.01,52.01,681.86,All / Saleable / LABORATORY CHEMICALS
28342990,LEAD NITRATE L.R. 500.00 GM,L30329,142.0,33268.18000000001,3626.37,1180.9299999999998,1180.9299999999998,39256.409999999996,All / Saleable / LABORATORY CHEMICALS
38220019,LEISHMAN'S STAIN SOLUTION (M) 250 ML,L30575,169.0,16092.800000000001,633.6,648.77,648.77,18023.940000000002,All / Saleable / INDICATOR POWDERS/SOLUTIONS
38220019,LEISHMAN'S STAIN SOLUTION (M) 500 ML,L30579,855.0,116972.1,9155.52,2440.57,2440.57,131008.75999999998,All / Saleable / INDICATOR POWDERS/SOLUTIONS
38089400,LYSOL (Ready to use) 5 L,L30601,8.0,1821.6,327.89,0,0,2149.49,All / Saleable / LABORATORY CHEMICALS
38220019,LUGOL'S IODINE 5% 125 ML,L31261,2.0,545.6,0,32.74,32.74,611.08,All / Saleable / LABORATORY CHEMICALS
38220019,LUGOL'S IODINE 125 ML,L31271,340.0,21666.0,2428.8,85.56,85.56,24265.92,All / Saleable / INDICATOR POWDERS/SOLUTIONS
38220090,LITMUS BLUE INDICATOR PAPER 100 LS,L40851,129.0,5850.46,288.29,382.4,382.4,6903.55,All / Saleable / INDICATOR PAPERS
38220090,LITMUS BLUE INDICATOR PAPER 200 LS,L40856,20.0,1872.4,0,168.52,168.52,2209.44,All / Saleable / INDICATOR PAPERS
38220090,LITMUS RED INDICATOR PAPER 100 LS,L40951,128.0,5802.72,288.29,378.10999999999996,378.10999999999996,6847.2300000000005,All / Saleable / INDICATOR PAPERS
38220090,LITMUS RED INDICATOR PAPER 200 LS,L40956,110.0,8939.2,1272.02,168.52,168.52,10548.26,All / Saleable / INDICATOR PAPERS
38220090,LITMUS BLUE SOLUTION 125 ML,L41171,2.0,126.48,0,11.38,11.38,149.24,All / Saleable / SOLVENTS
38220090,LITMUS RED SOLUTION 125 ML,L41181,12.0,687.48,100.98,11.38,11.38,811.22,All / Saleable / SOLVENTS
38089400,LYSOL I.P. 5 L,L84251,676.0,527888.4,95019.91,0,0,622908.31,All / Saleable / LABORATORY CHEMICALS
29054300,MANNITOL L.R 250.00 GM,M10125,12.0,2499.84,0,224.98,224.98,2949.8,All / Saleable / LABORATORY CHEMICALS
28273100,MAGNESIUM CHLORIDE L.R. 500.00 GM,M10129,54.0,5132.8,316.8,303.56,303.56,6056.72,All / Saleable / LABORATORY CHEMICALS
28352930,MAGNESIUM PHOSPHATE L.R. 250.00 GM,M10225,5.0,824.2,148.36,0,0,972.5600000000001,All / Saleable / LABORATORY CHEMICALS
28342920,MAGNESIUM NITRATE L.R. 500.00 GM,M10229,8.0,833.28,0,74.99,74.99,983.26,All / Saleable / LABORATORY CHEMICALS
28342920,MAGNESIUM NITRATE 25.00 KG,M10289,80.0,160000.0,0,14400.0,14400.0,188800.0,All / Saleable / LABORATORY CHEMICALS
28332100,MAGNESIUM SULPHATE L.R. 500.00 GM,M10329,129.0,11050.18,1163.3000000000002,412.87000000000006,412.87000000000006,13039.22,All / Saleable / LABORATORY CHEMICALS
28332100,MAGNESIUM SULPHATE 5.00 KG,M10339,8.0,2871.4,192.85,162.0,162.0,3388.25,All / Saleable / LABORATORY CHEMICALS
28201000,MANGANESE DIOXIDE 500.00 GM,M10429,4.0,409.2,0,36.83,36.83,482.85999999999996,All / Saleable / LABORATORY CHEMICALS
38220090,MORNER'S REAGENT 125 ML,M10517,32.0,2376.0,427.68,0,0,2803.68,All / Saleable / CLINICAL REAGENTS/STAINS
28273990,MANGANOUS CHLORIDE L.R. 500.00 GM,M10529,20.0,4477.0,805.86,0,0,5282.86,All / Saleable / LABORATORY CHEMICALS
16030010,MEAT EXTRACT POWDER 250.00 GM,M10625,1.0,587.76,0,35.27,35.27,658.3,All / Saleable / LABORATORY CHEMICALS
28332940,MANGANOUS SULPHATE MONOHYDRATE 500.00 GM,M10629,28.0,4835.88,599.94,135.27,135.27,5706.360000000001,All / Saleable / LABORATORY CHEMICALS
28332100,MAGNESIUM SULPHATE.L.R. 25.00 KG,M10688,1.0,1500.0,270.0,0,0,1770.0,All / Saleable / LABORATORY CHEMICALS
28273990,MERCURIC CHLORIDE L.R. 100.00 GM,M10717,7.0,8906.24,1349.57,126.78,126.78,10509.37,All / Saleable / LABORATORY CHEMICALS
25174100,MARBLE CHIPS 500.00 GM,M10829,21.0,1302.0,0,32.55,32.55,1367.1,All / Saleable / LABORATORY CHEMICALS
29182310,METHYL SALICYLATE 500 ML,M11029,6.0,1789.32,0,161.04,161.04,2111.4,All / Saleable / LABORATORY CHEMICALS
28054000,MERCURY L.R. 100.00 GM,M11117,12.0,7969.08,440.75,496.84,496.84,9403.509999999998,All / Saleable / LABORATORY CHEMICALS
28054000,MERCURY.L.R. 500.00 GM,M11529,2.0,5461.04,982.99,0,0,6444.03,All / Saleable / LABORATORY CHEMICALS
28161010,MAGNESIUM HYDROXIDE 98% 250.00 GM,M11725,1.0,120.28,0,10.83,10.83,141.94000000000003,All / Saleable / LABORATORY CHEMICALS
29051100,METHANOL.L.R. 500 ML,M12029,140.0,12502.8,565.34,842.58,842.58,14753.3,All / Saleable / ACIDS
29051100,METHANOL.L.R. 2.5 L,M12037,115.0,25469.4,3824.46,380.0,380.0,30053.86,All / Saleable / ACIDS
29051100,METHANOL 25 L,M12099,3.0,4750.0,315.0,270.0,270.0,5605.0,All / Saleable / ACIDS
25199040,MAGNESIUM OXIDE LIGHT 250.00 GM,M12225,6.0,1402.44,0,35.06,35.06,1472.56,All / Saleable / LABORATORY CHEMICALS
29031200,METHYLENE DICHLORIDE L.R. 500 ML,M12229,8.0,1562.4,0,140.60999999999999,140.60999999999999,1843.62,All / Saleable / LABORATORY CHEMICALS
29153940,METHYL ACETATE 500 ML,M12429,17.0,5350.5599999999995,899.71,31.69,31.69,6313.65,All / Saleable / LABORATORY CHEMICALS
28257020,MOLYBDIC ACID L.R. 100.00 GM,M12517,15.0,9398.400000000001,499.82,595.94,595.94,11090.100000000002,All / Saleable / LABORATORY CHEMICALS
29163130,METHYL BENZOATE 250 ML,M12629,4.0,1178.0,0,106.00999999999999,106.00999999999999,1390.02,All / Saleable / LABORATORY CHEMICALS
28369920,MAGNESIUM CARBONATE LIGHT 250.00 GM,M13025,49.0,5856.36,831.17,111.5,111.5,6910.530000000001,All / Saleable / LABORATORY CHEMICALS
29094400,2-METHOXY ETHANOL 500 ML,M13129,1.0,233.12,0,20.98,20.98,275.08,All / Saleable / ACIDS
29309099,2-MERCAPTO ETHANOL 98% 100 ML,M13259,5.0,790.4,142.27,0,0,932.67,All / Saleable / LABORATORY CHEMICALS
38220090,MAGNESON  REAGENT 500 ML,M21229,1.0,157.48,0,14.17,14.17,185.81999999999996,All / Saleable / CLINICAL REAGENTS/STAINS
38220090,MAGNESON REAGENT 125 ML,M21271,22.0,1169.46,41.65,84.43,84.43,1379.97,All / Saleable / CLINICAL REAGENTS/STAINS
38220019,MILLON'S REAGENT 125 ML,M22671,25.0,10494.5,753.79,252.78,252.78,11753.85,All / Saleable / CLINICAL REAGENTS/STAINS
28332990,MERCURIC SULPHATE 100.00 GM,M25625,14.0,16235.55,983.07,969.6600000000001,969.6600000000001,19157.94,All / Saleable / LABORATORY CHEMICALS
38220090,MILK ADULT.TEST KIT (13x50te),M25750,4.0,4767.0,623.7,117.18,117.18,5625.0599999999995,All / Saleable / CLINICAL REAGENTS/STAINS
32041361,MALACHITE GREEN 100.00 GM,M30467,2.0,345.96,0,31.14,31.14,408.23999999999995,All / Saleable / LABORATORY CHEMICALS
81049090,MAGNESIUM METAL RIBBON 25.00 GM,M30709,411.0,41227.6,0,3710.48,3710.48,48648.56,All / Saleable / LABORATORY CHEMICALS
29061100,MENTHOL CRYSTALS 99% 100.00 GM,M30917,5.0,2532.4,455.83,0,0,2988.23,All / Saleable / LABORATORY CHEMICALS
32041351,METHYLENE BLUE STAIN POWDER 25.00 GM,M31709,5.0,961.0,0,86.49,86.49,1133.98,All / Saleable / INDICATOR POWDERS/SOLUTIONS
32041351,METHYLENE BLUE TABLETS(50 tab),M31719,1.0,992.0,0,89.28,89.28,1170.56,All / Saleable / LABORATORY CHEMICALS
38220090,MOLISCH'S REAGENT 125 ML,M31771,43.0,2393.1600000000003,310.46,60.15,60.15,2823.9199999999996,All / Saleable / LABORATORY CHEMICALS
38220019,METHYLENE BLUE ALKALINE SOLUTI 500 ML,M31829,3.0,678.9,0,40.73,40.73,760.36,All / Saleable / LABORATORY CHEMICALS
38220019,METHYLENE BLUE ALKALINE SOLN 125 ML,M31871,78.0,5611.2,119.81,276.76,276.76,6284.53,All / Saleable / LABORATORY CHEMICALS
38220019,METHYLENE BLUE AQUEOUS 125 ML,M31971,133.0,7945.38,912.1500000000001,20.65,20.65,8898.829999999998,All / Saleable / INDICATOR POWDERS/SOLUTIONS
38220090,MERCURIC CHLORIDE PAPER 200 LS,M40156,1.0,124.0,0,11.16,11.16,146.32,All / Saleable / INDICATOR PAPERS
28276090,MERCURIC IODIDE RED 100.00 GM,M40817,2.0,2312.6,0,208.13,208.13,2728.86,All / Saleable / LABORATORY CHEMICALS
28259090,MERCURIC OXIDE RED L.R 100.00 GM,M40917,3.0,2973.0600000000004,335.28,99.94,99.94,3508.2200000000003,All / Saleable / LABORATORY CHEMICALS
29270090,METHYL ORANGE POWDER 25.00 GM,M41309,4.0,276.68,0,24.9,24.9,326.48,All / Saleable / SOLVENTS
38220090,METHYL ORANGE SOLUTION 125 ML,M41471,242.0,12294.0,1710.72,251.1,251.1,14506.919999999998,All / Saleable / CLINICAL REAGENTS/STAINS
29270090,METHYL RED POWDER 25.00 GM,M41609,3.0,263.76,29.96,8.76,8.76,311.24,All / Saleable / SOLVENTS
32041341,METHYL VIOLET M.S. 25.00 GM,M41809,1.0,77.0,0,6.93,6.93,90.86000000000001,All / Saleable / LABORATORY CHEMICALS
29051100,METHANOL A.R 2.5 L,M72037,4.0,1423.52,0,128.12,128.12,1679.7599999999998,All / Saleable / ACIDS
29051100,METHANOL A.R. 25 L,M72089,4.0,7000.0,0,630.0,630.0,8260.0,All / Saleable / ACIDS
28332940,MANGANOUS SULPHATE MONOHYD A.R 500.00 GM,M74629,1.0,328.6,0,29.57,29.57,387.74,All / Saleable / LABORATORY CHEMICALS
28332100,MAGNESIUM SULPHATE I.P. 500.00 GM,M80629,1.0,173.6,0,15.62,15.62,204.84,All / Saleable / LABORATORY CHEMICALS
29054300,MANNITOL IP/USP 500.00 GM,M83229,16.0,7371.52,1326.87,0,0,8698.39,All / Saleable / LABORATORY CHEMICALS
29054300,MANNITOL IP/USP 2.50 KG,M83237,20.0,20250.0,0,1822.5,1822.5,23895.0,All / Saleable / LABORATORY CHEMICALS
29054300,MANNITOL IP/USP 25.00 KG,M83288,12.0,110700.0,0,9963.0,9963.0,130626.0,All / Saleable / LABORATORY CHEMICALS
29051100,METHANOL HPLC 2.5 L,M94037,12.0,5803.200000000001,0,522.29,522.29,6847.779999999999,All / Saleable / ACIDS
29071510,NAPHTHOL ALPHA 100.00 GM,N10117,3.0,500.34000000000003,0,45.03,45.03,590.4,All / Saleable / LABORATORY CHEMICALS
29071520,NAPHTHOL BETA 250.00 GM,N10225,1.0,148.18,0,13.34,13.34,174.86,All / Saleable / LABORATORY CHEMICALS
29029040,NAPHTHALENE POWDER 500.00 GM,N10329,14.0,2916.48,0,262.48,262.48,3441.44,All / Saleable / LABORATORY CHEMICALS
28332400,NICKEL SULPHATE L.R. 250.00 GM,N10629,5.0,2321.9,0,208.97,208.97,2739.8399999999997,All / Saleable / LABORATORY CHEMICALS
28080010,NITRIC ACID L.R. 500 ML,N10729,127.0,11778.9,723.51,698.33,698.33,13899.069999999998,All / Saleable / LABORATORY CHEMICALS
28080010,NITRIC ACID L.R. TC PACK 500 ML,N10730,79.0,7480.2,1346.44,0,0,8826.64,All / Saleable / LABORATORY CHEMICALS
28080010,NITRIC ACID L.R 25 L,N10733,40.0,78000.0,0,7020.0,7020.0,92040.0,All / Saleable / LABORATORY CHEMICALS
28080010,NITRIC ACID L.R. 2.5 L,N10737,354.0,89701.92,13850.21,1148.08,1148.08,105848.29,All / Saleable / LABORATORY CHEMICALS
28080010,NITRIC ACID.L.R. (BPb) 500 ML,N10739,20.0,1639.0,295.02,0,0,1934.02,All / Saleable / LABORATORY CHEMICALS
28080010,NITRIC ACID (1:2) (Sp.gra.1.2) 25 L,N10788,4.0,6000.0,0,540.0,540.0,7080.0,All / Saleable / LABORATORY CHEMICALS
28080010,NITRIC ACID (1:3) (SP.GR.1.3) 25 L,N10789,4.0,8000.0,0,720.0,720.0,9440.0,All / Saleable / LABORATORY CHEMICALS
29163990,1-NAPHTHYL ACETIC ACID 98.5% 25.00 GM,N10909,10.0,814.0,146.52,0,0,960.52,All / Saleable / LABORATORY CHEMICALS
29163990,1-NAPHTHYL ACETIC ACID 98.5% 500.00 GM,N10939,15.0,17325.0,0,1559.25,1559.25,20443.5,All / Saleable / LABORATORY CHEMICALS
28273500,NICKEL CHLORIDE.L.R. 250.00 GM,N11525,80.0,12400.0,0,1116.0,1116.0,14632.0,All / Saleable / LABORATORY CHEMICALS
28273500,NICKEL CHLORIDE 5.00 KG,N11539,4.0,12400.0,0,1116.0,1116.0,14632.0,All / Saleable / LABORATORY CHEMICALS
28080010,NITRIC ACID L.R T.C PACK 2.5 L,N11737,12.0,3427.2,616.9,0,0,4044.1,All / Saleable / LABORATORY CHEMICALS
34029011,NICEKLEEN 250 ML,N12429,12.0,729.12,0,102.07000000000001,102.07000000000001,933.26,All / Saleable / LABORATORY CHEMICALS
29089910,Para NITROPHENOL 250.00 GM,N12525,2.0,319.92,0,28.79,28.79,377.50000000000006,All / Saleable / LABORATORY CHEMICALS
29214511,1-NAPHTHYLAMINE-98% 500.00 GM,N18129,5.0,1775.8,319.64,0,0,2095.44,All / Saleable / LABORATORY CHEMICALS
38220019,NESSLER'S REAGENT 125 ML,N20271,399.0,34177.5,3928.32,86.49,86.49,38278.8,All / Saleable / CLINICAL REAGENTS/STAINS
29089910,P-NITROPHENOL 500.00 GM,N32429,4.0,1264.8,0,113.83,113.83,1492.4599999999998,All / Saleable / LABORATORY CHEMICALS
38220090,NEUTRAL RED INDICATOR SOLUTION 125 ML,N40471,3.0,167.39999999999998,0,15.059999999999999,15.059999999999999,197.51999999999998,All / Saleable / SOLVENTS
38220090,NINHYDRIN SOLUTION 125 ML,N40971,128.0,6547.2,1178.5,0,0,7725.7,All / Saleable / LABORATORY CHEMICALS
28080010,NITRIC ACID A.R. 500 ML,N70829,10.0,1417.5,0,127.57,127.57,1672.6399999999999,All / Saleable / LABORATORY CHEMICALS
29144000,NINHYDRIN A.R. 10.00 GM,N72005,7.0,2289.28,346.9,32.59,32.59,2701.3599999999997,All / Saleable / LABORATORY CHEMICALS
29199090,4-NITRO PHENYL DISOD.PHOS.AR 5.00 GM,N75601,1.0,802.9,0,72.26,72.26,947.42,All / Saleable / LABORATORY CHEMICALS
70179010,BEAKER WITH SPOUT (50 ML),NG3004,50.0,1684.8,0,151.63,151.63,1988.06,All / Saleable / GLASSWARES
70179010,BEAKER WITH SPOUT (100 ML),NG3005,62.0,2268.96,0,204.20000000000002,204.20000000000002,2677.36,All / Saleable / GLASSWARES
70179010,BEAKER WITH SPOUT (250 ML),NG3007,80.0,3074.3999999999996,0,276.7,276.7,3627.8,All / Saleable / GLASSWARES
70179010,BEAKER WITH SPOUT (500 ML),NG3009,90.0,6058.799999999999,0,545.3,545.3,7149.400000000001,All / Saleable / GLASSWARES
70179010,BEAKER WITH SPOUT (1 LT),NG3011,34.0,4140.0,409.86,167.67,167.67,4885.2,All / Saleable / GLASSWARES
70179010,BEAKER WITH SPOUT (2 LT),NG3012,10.0,2167.0,390.06,0,0,2557.06,All / Saleable / GLASSWARES
70179010,BURETTE   (50 ML),NG4306,90.0,22496.1,1190.97,1429.16,1429.16,26545.390000000003,All / Saleable / GLASSWARES
70179010,BURETTE CLASS B - 25ML,NG4402,50.0,10770.0,0,969.3,969.3,12708.599999999999,All / Saleable / GLASSWARES
70179010,BURETTE CLASS - B - 50 ML,NG4403,195.0,50405.700000000004,0,4536.51,4536.51,59478.72,All / Saleable / GLASSWARES
70179010,"Burette,cl.A,-reservoir 50ML",NG4603,3.0,9779.55,1760.32,0,0,11539.869999999999,All / Saleable / GLASSWARES
70179010,MEASURING CYLINDER-SPOUT(10ML),NG5652,10.0,897.6,0,80.78,80.78,1059.16,All / Saleable / GLASSWARES
70179010,MEASURING CYLINDER-SPOUT(100ML,NG5655,10.0,1729.2,0,155.63,155.63,2040.46,All / Saleable / GLASSWARES
70179010,MEASURING CYLINDER-SPOUT-500ML,NG5657,10.0,4501.2,0,405.11,405.11,5311.419999999999,All / Saleable / GLASSWARES
70179010,MEASURING CYLINDER-SPOUT -1 LT,NG5658,2.0,1383.36,0,124.5,124.5,1632.36,All / Saleable / GLASSWARES
70179010,DESICATOR - 150 MM,NG5832,2.0,6287.16,0,565.84,565.84,7418.84,All / Saleable / GLASSWARES
70179010,PETRIDISH (OUTER DIA. 9 CM),NG5868,39.0,4350.06,0,391.51,391.51,5133.080000000001,All / Saleable / GLASSWARES
70179010,FLAT BOTTOM FLASK (250 ML),NG6005,5.0,326.7,0,29.4,29.4,385.49999999999994,All / Saleable / GLASSWARES
70179010,Flask (Round bottom) 250ml,NG6105,12.0,653.4,117.61,0,0,771.01,All / Saleable / GLASSWARES
70179010,R.B.FLASK SHORT NECK - 250 ML,NG6153,24.0,2310.0,415.8,0,0,2725.8,All / Saleable / GLASSWARES
70179010,CONICAL FLASK - 50 ML,NG6503,10.0,442.2,0,39.8,39.8,521.8,All / Saleable / GLASSWARES
70179010,CONICAL FLASK (100 ML),NG6504,10.0,442.2,0,39.8,39.8,521.8,All / Saleable / GLASSWARES
70179010,CONICAL FLASK 150 ML,NG6505,50.0,2610.0,0,234.9,234.9,3079.8,All / Saleable / GLASSWARES
70179010,CONICAL FLASK (250 ML),NG6506,250.0,16161.599999999999,617.76,1145.6699999999998,1145.6699999999998,19070.699999999997,All / Saleable / GLASSWARES
70179010,CONICAL FLASK (500 ML),NG6507,25.0,2392.5,0,215.32,215.32,2823.1400000000003,All / Saleable / GLASSWARES
70179010,CONICAL FLASK (1 LT),NG6508,7.0,1141.14,0,102.7,102.7,1346.54,All / Saleable / GLASSWARES
70179010,Conical Flask 2000ml,NG6509,4.0,1122.0,0,100.98,100.98,1323.96,All / Saleable / GLASSWARES
70179010,Conical Flask 3000ml,NG6510,2.0,1576.08,0,141.85,141.85,1859.7799999999997,All / Saleable / GLASSWARES
70179010,VOLUMETRIC STAD. FLASK 100ML,NG6805,90.0,11447.1,204.93,927.77,927.77,13507.57,All / Saleable / GLASSWARES
70179010,VOLUMETRIC STD. FLASK 250ML,NG6807,30.0,4662.0,0,419.58,419.58,5501.16,All / Saleable / GLASSWARES
70179010,VOLUMETRIC STD. FLASK 500 ML,NG6808,25.0,5460.0,0,491.4,491.4,6442.799999999999,All / Saleable / GLASSWARES
70179010,Volumetric flask cl.A - 100ml,NG6856,25.0,7326.0,0,659.34,659.34,8644.68,All / Saleable / GLASSWARES
70179010,"Volumetric flask,cl.B, 50ml",NG6905,10.0,1095.6,0,98.6,98.6,1292.7999999999997,All / Saleable / GLASSWARES
70179010,Volumetric flask 250ml-stopper,NG6908,30.0,4732.2,0,425.9,425.9,5583.999999999999,All / Saleable / GLASSWARES
70179010,"Volumetric flask,500ml cl.B",NG6909,20.0,4527.6,0,407.48,407.48,5342.5599999999995,All / Saleable / GLASSWARES
70179010,"Volumetric flask,cl.B,1000ml",NG6910,4.0,1235.52,0,111.2,111.2,1457.92,All / Saleable / GLASSWARES
70179010,FUNNEL PLAIN 75MM,NG7125,180.0,9956.0,940.5,425.78999999999996,425.78999999999996,11748.08,All / Saleable / GLASSWARES
70179010,"FUNNEL - 100 MM PLAIN, 60ANGLE",NG7126,10.0,838.2,0,75.44,75.44,989.0800000000002,All / Saleable / GLASSWARES
70179010,PIPETTE GRADUATED (1 ML),NG7428,10.0,587.4,0,52.87,52.87,693.14,All / Saleable / GLASSWARES
70179010,Pipette class B 2ml (0.02ml),NG7430,16.0,1003.2,0,90.29,90.29,1183.78,All / Saleable / GLASSWARES
70179010,Pipette class B 5ml (0.05ml),NG7432,10.0,699.6,0,62.96,62.96,825.5200000000001,All / Saleable / GLASSWARES
70179010,PIPETTE GRADUATED (10 ML),NG7434,13.0,974.4000000000001,0,87.69,87.69,1149.78,All / Saleable / GLASSWARES
70179010,PIPETTE VOLUMETRIC (10 ML),NG7559,60.0,3333.0,599.94,0,0,3932.94,All / Saleable / GLASSWARES
70179010,PIPETTE VOLUMETRIC (20 ML),NG7560,149.0,10233.24,0,921.0000000000001,921.0000000000001,12075.24,All / Saleable / GLASSWARES
70179010,TEST TUBE WITH RIM 10x75,NG8211,500.0,1836.0,0,165.24,165.24,2166.4799999999996,All / Saleable / GLASSWARES
70179010,TEST TUBE WITH RIM 12x75,NG8212,100.0,396.0,0,35.64,35.64,467.28,All / Saleable / GLASSWARES
70179010,TEST TUBE WITH RIM 12x100 MM,NG8213,400.0,2112.0,0,190.08,190.08,2492.16,All / Saleable / GLASSWARES
70179010,TEST TUBE WITH RIM 15x125 MM,NG8214,2000.0,13046.0,1089.0,629.64,629.64,15394.279999999999,All / Saleable / GLASSWARES
70179010,TEST TUBE WITH RIM 15x150,NG8215,300.0,2376.0,0,213.84,213.84,2803.6800000000003,All / Saleable / GLASSWARES
70179010,TEST TUBE  (25 ML),NG8216,200.0,1716.0,0,154.44,154.44,2024.88,All / Saleable / GLASSWARES
70179010,TEST TUBE (50 ML),NG8218,150.0,1920.0,0,172.8,172.8,2265.6,All / Saleable / GLASSWARES
70179010,TEST TUBE WITHOUT RIM 12x75,NG8232,5000.0,16500.0,2970.0,0,0,19470.0,All / Saleable / GLASSWARES
70179010,TEST TUBE WITHOUT RIM 18x150,NG8237,200.0,1716.0,0,154.44,154.44,2024.88,All / Saleable / GLASSWARES
28092010,ORTHO PHOSPHORIC ACID L.R. 500 ML,O10129,3.0,926.28,0,83.37,83.37,1093.02,All / Saleable / LABORATORY CHEMICALS
29171110,OXALIC ACID L.R. 500.00 GM,O10229,77.0,10692.06,1452.17,236.21,236.21,12616.65,All / Saleable / LABORATORY CHEMICALS
29171110,OXALIC ACID 25.00 KG,O10288,3.0,8250.0,0,742.5,742.5,9735.0,All / Saleable / LABORATORY CHEMICALS
28092010,ORTHO PHOSPHORIC ACID A.R 500 ML,O11329,1.0,335.42,0,30.19,30.19,395.8,All / Saleable / LABORATORY CHEMICALS
29171110,OXALIC ACID A.R. 500.00 GM,O70329,3.0,522.66,0,47.04,47.04,616.74,All / Saleable / LABORATORY CHEMICALS
27129090,PARAFFIN WAX WITH CERESIN (BF) 500.00 GM,P10025,21.0,10815.0,0,973.35,973.35,12761.7,All / Saleable / LABORATORY CHEMICALS
27129090,PARAFFIN WAX WITH CERESIN 500.00 GM,P10029,10.0,3286.0,0,295.74,295.74,3877.4799999999996,All / Saleable / LABORATORY CHEMICALS
27129090,PARAFFIN WAX 58-60 DEGREE 500.00 GM,P10129,180.0,46826.799999999996,1594.73,3417.04,3417.04,55255.61,All / Saleable / LABORATORY CHEMICALS
27129090,PARAFFIN WAX PELLETS 58-60 1 KG,P10169,10.0,4000.0,0,360.0,360.0,4720.0,All / Saleable / LABORATORY CHEMICALS
38220019,PAPANICOLAOU'S STAIN - OG-6 125 ML,P10171,74.0,7783.200000000001,794.11,69.94,69.94,8717.19,All / Saleable / LABORATORY CHEMICALS
27129090,PARAFFIN WAX 58-60 25.00 KG,P10188,1.0,3875.0,0,348.75,348.75,4572.5,All / Saleable / LABORATORY CHEMICALS
27101213,PETROLEUM ETHER 40-60 LR 500 ML,P10229,16.0,3352.96,0,301.76,301.76,3956.4799999999996,All / Saleable / ACIDS
27101213,PETROLEUM ETHER 40-60 LR 2.5 L,P10237,17.0,14091.760000000002,1118.3,709.11,709.11,16628.28,All / Saleable / ACIDS
38220019,PAPANICOLAOU'S STAIN - EA-36 125 ML,P10271,10.0,2114.2,0,126.85,126.85,2367.8999999999996,All / Saleable / LABORATORY CHEMICALS
27101211,PETROLEUM ETHER 60-80 L.R. 500 ML,P10329,25.0,3479.9599999999996,383.33,121.51999999999998,121.51999999999998,4106.33,All / Saleable / ACIDS
27101211,PETROLEUM ETHER 60-80 L.R. 2.5 L,P10337,16.0,7875.2,1417.54,0,0,9292.74,All / Saleable / ACIDS
29071110,PHENOL L.R. 500.00 GM,P10429,65.0,12694.32,513.22,885.89,885.89,14979.32,All / Saleable / LABORATORY CHEMICALS
27109900,PARAFFIN LIQUID (LIGHT) L.R. 500 ML,P10439,21.0,4335.66,0,390.22,390.22,5116.1,All / Saleable / LABORATORY CHEMICALS
38249915,POLYETHYLENE GLYCOL-600 25.00 KG,P10489,4.0,19100.0,0,1719.0,1719.0,22538.0,All / Saleable / LABORATORY CHEMICALS
35040010,PEPTONE L.R. 250.00 GM,P10525,36.0,7968.0,1166.4,133.92,133.92,9402.240000000002,All / Saleable / LABORATORY CHEMICALS
27129090,PARAFFIN WAX 60-62 DEGREE 500.00 GM,P10529,20.0,4066.4,731.95,0,0,4798.35,All / Saleable / LABORATORY CHEMICALS
28341090,POTASSIUM NITRITE 500.00 GM,P10629,1.0,509.64,0,45.87,45.87,601.38,All / Saleable / LABORATORY CHEMICALS
28334000,POTASSIUM PERSULPHATE 500.00 GM,P10729,111.0,22517.92,3971.09,41.07,41.07,26571.149999999998,All / Saleable / LABORATORY CHEMICALS
29152990,POTASSIUM ACETATE 500.00 GM,P11529,1.0,226.92,0,20.42,20.42,267.76,All / Saleable / LABORATORY CHEMICALS
28299020,POTASSIUM BROMATE L.R. 250.00 GM,P11625,4.0,860.56,0,77.46,77.46,1015.48,All / Saleable / LABORATORY CHEMICALS
28111990,PHOSPHO TUNGSTIC ACID 25.00 GM,P11709,21.0,5989.2,0,539.03,539.03,7067.260000000001,All / Saleable / LABORATORY CHEMICALS
28364000,POTASSIUM CARBONATE L.R. 500.00 GM,P11729,22.0,3243.6,524.7,29.57,29.57,3827.4399999999996,All / Saleable / LABORATORY CHEMICALS
28364000,POTASSIUM CARBONATE 5.00 KG,P11739,2.0,1320.0,0,118.8,118.8,1557.6,All / Saleable / LABORATORY CHEMICALS
31042000,POTASSIUM CHLORIDE L.R. 500.00 GM,P11829,42.0,3918.5199999999995,305.14,200.11999999999998,200.11999999999998,4623.900000000001,All / Saleable / LABORATORY CHEMICALS
28415090,POTASSIUM CHROMATE L.R. 500.00 GM,P11929,37.0,11783.05,1094.94,513.0,513.0,13903.989999999998,All / Saleable / LABORATORY CHEMICALS
28415090,POTASSIUM DICHROMATE L.R. 500.00 GM,P12129,48.0,15868.719999999998,2318.9,268.72,268.72,18725.059999999998,All / Saleable / LABORATORY CHEMICALS
28332990,POTASSIUM BISULPHATE 500.00 GM,P12229,6.0,967.2,0,87.05,87.05,1141.3,All / Saleable / LABORATORY CHEMICALS
28372020,POTASSIUM FERRICYANIDE L.R. 250.00 GM,P12325,34.0,9022.44,1408.43,107.81,107.81,10646.49,All / Saleable / LABORATORY CHEMICALS
28152000,POTASSIUM HYDROXIDE FLAKES L.R 500.00 GM,P12429,2.0,306.28,0,27.57,27.57,361.41999999999996,All / Saleable / LABORATORY CHEMICALS
28152000,POTASSIUM HYDROXIDE PELLETS 500.00 GM,P12529,28.0,4484.76,556.38,125.44,125.44,5292.02,All / Saleable / LABORATORY CHEMICALS
28352400,POTASSIUM DI HYD.PHOSPHATE L.R 500.00 GM,P12629,21.0,5208.0,0,468.7199999999999,468.7199999999999,6145.4400000000005,All / Saleable / LABORATORY CHEMICALS
28352400,DI POT.HYDROGEN PHOSPHATE L.R 500.00 GM,P12729,6.0,1830.2400000000002,0,164.72,164.72,2159.68,All / Saleable / LABORATORY CHEMICALS
28372030,POTASSIUM FERROCYANIDE L.R. 500.00 GM,P12929,20.0,5830.0,1049.4,0,0,6879.4,All / Saleable / LABORATORY CHEMICALS
35040010,PEPTONE 5.00 KG,P13039,1.0,2150.0,0,193.5,193.5,2537.0,All / Saleable / LABORATORY CHEMICALS
28322010,POTASSIUM META BISULPHITE 25.00 KG,P13088,1.0,6075.0,1093.5,0,0,7168.5,All / Saleable / LABORATORY CHEMICALS
28342100,POTASSIUM NITRATE L.R. 500.00 GM,P13129,73.0,10562.66,0,950.64,950.64,12463.94,All / Saleable / LABORATORY CHEMICALS
28342100,POTASSIUM NITRATE L.R. 25.00 KG,P13188,3.0,9125.0,1125.0,258.75,258.75,10767.5,All / Saleable / LABORATORY CHEMICALS
29171190,POTASSIUM OXALATE L.R. 500.00 GM,P13229,3.0,744.0,0,66.96,66.96,877.9200000000001,All / Saleable / LABORATORY CHEMICALS
29053200,PROPYLENE GLYCOL L.R. 500 ML,P13279,16.0,3462.08,0,311.59,311.59,4085.26,All / Saleable / LABORATORY CHEMICALS
29051210,PROPAN-1-ol 500 ML,P13329,19.0,3644.44,536.14,59.93,59.93,4300.44,All / Saleable / ACIDS
28416100,POTASSIUM PERMANGANATE L.R. 500.00 GM,P13429,140.0,37027.92,4483.69,1090.67,1090.67,43692.95,All / Saleable / LABORATORY CHEMICALS
28416100,POTASSIUM PERMANGANATE 5.00 KG,P13439,2.0,3485.0,0,313.65,313.65,4112.3,All / Saleable / LABORATORY CHEMICALS
28332990,POTASSIUM SULPHATE 25.00 KG,P13588,1.0,3250.0,585.0,0,0,3835.0,All / Saleable / LABORATORY CHEMICALS
28332990,POTASSIUM SULPHATE L.R. 500.00 GM,P13629,20.0,2552.0,459.36,0,0,3011.36,All / Saleable / LABORATORY CHEMICALS
28372090,POTASSIUM THIOCYANATE L.R. 500.00 GM,P13639,4.0,1750.88,0,157.58,157.58,2066.04,All / Saleable / LABORATORY CHEMICALS
29173930,PHTHALIC ACID 500.00 GM,P13739,3.0,1015.56,0,91.4,91.4,1198.3600000000001,All / Saleable / LABORATORY CHEMICALS
29161990,POTASSIUM SORBATE - 99% 500.00 GM,P13829,12.0,8401.8,0,756.1700000000001,756.1700000000001,9914.14,All / Saleable / LABORATORY CHEMICALS
28275120,POTASSIUM BROMIDE L.R. 500.00 GM,P14129,1.0,436.48,0,39.28,39.28,515.04,All / Saleable / LABORATORY CHEMICALS
28364000,POTASSIUM BICARBONATE 99.5% 500.00 GM,P14229,20.0,3091.0,556.38,0,0,3647.38,All / Saleable / LABORATORY CHEMICALS
28276010,POTASSIUM IODIDE.L.R. 100.00 GM,P14317,35.0,22050.0,1039.5,1464.75,1464.75,26019.0,All / Saleable / LABORATORY CHEMICALS
28276010,POTASSIUM IODIDE L.R. 500.00 GM,P14329,9.0,23912.0,3210.48,546.84,546.84,28216.16,All / Saleable / LABORATORY CHEMICALS
38220019,PHENOL REAGENT 125 ML,P20571,13.0,1853.8000000000002,0,111.22,111.22,2076.2400000000002,All / Saleable / CLINICAL REAGENTS/STAINS
38220019,PHOSPHATE MOLYBDATE SOLN. 500 ML,P21079,5.0,1053.0,126.36,0,0,1179.36,All / Saleable / CLINICAL REAGENTS/STAINS
38220090,PICRIC ACID SATURATED SOLUTION 125 ML,P21371,46.0,6070.68,731.81,180.46,180.46,7163.41,All / Saleable / CLINICAL REAGENTS/STAINS
38220019,PLATELET COUNTING FLUID 125 ML,P21471,52.0,3150.0,221.76,78.12,78.12,3528.0,All / Saleable / CLINICAL REAGENTS/STAINS
33012400,PEPPERMINT OIL 100 ML,P21871,8.0,3620.8,0,325.88,325.88,4272.56,All / Saleable / LABORATORY CHEMICALS
38220090,POTASSIUM CHROMATE SOLUTION 125 ML,P22071,49.0,1726.8,89.86,110.47999999999999,110.47999999999999,2037.62,All / Saleable / SOLVENTS
38220019,POTASSIUM OXALATE SOLUTION 10% 125 ML,P23371,3.0,169.26,0,10.16,10.16,189.57999999999998,All / Saleable / CLINICAL REAGENTS/STAINS
29072990,PYROGALLIC ACID (PYROGALLOL) 100.00 GM,P23417,2.0,1737.84,312.81,0,0,2050.65,All / Saleable / LABORATORY CHEMICALS
29224990,L-PROLINE 25 GM ,P30809,4.0,1440.0,0,129.6,129.6,1699.1999999999998,All / Saleable / LABORATORY CHEMICALS
28439019,PALLADIUM CHLORIDE L.R. 1.00 GM,P31002,1.0,2145.82,0,193.12,193.12,2532.06,All / Saleable / LABORATORY CHEMICALS
29280090,PHENYL HYDRAZINE 250 ML,P32325,6.0,2295.24,0,206.57,206.57,2708.38,All / Saleable / LABORATORY CHEMICALS
29224990,L-PHENYL ALANINE - 99% 25.00 GM,P33109,1.0,221.96,0,19.98,19.98,261.92,All / Saleable / LABORATORY CHEMICALS
28111990,PERIODIC ACID L.R. 25.00 GM,P34109,1.0,429.04,0,38.61,38.61,506.26000000000005,All / Saleable / LABORATORY CHEMICALS
38220090,PHENOL RED SOLUTION 125 ML,P40671,76.0,3837.6,570.24,60.26,60.26,4528.360000000001,All / Saleable / SOLVENTS
29343000,PHENOL RED POWDER 10.00 GM,P40705,1.0,104.16,0,9.37,9.37,122.9,All / Saleable / SOLVENTS
38220090,PHENOLPHTHALEIN SOLUTION 125 ML,P40871,415.0,22741.1,2407.68,842.8399999999999,842.8399999999999,26834.460000000003,All / Saleable / SOLVENTS
29322020,PHENOLPHTHALEIN POWDER 100.00 GM,P40917,2.0,376.5,0,33.88,33.88,444.26,All / Saleable / SOLVENTS
38220090,POTASSIUM HYDROXIDE SOLN. 40% 500 ML,P53029,1.0,122.25,0,11.0,11.0,144.25,All / Saleable / LABORATORY CHEMICALS
38220090,POTASSIUM PERMANGANATE N/10 500 ML,P53579,16.0,862.4,155.23,0,0,1017.63,All / Saleable / VOLUMETRIC SOLUTIONS
27109900,PARAFFIN LIQUID HEAVY 500 ML,P63978,20.0,4526.0,0,407.34,407.34,5340.68,All / Saleable / LABORATORY CHEMICALS
28372090,POTASSIUM THIOCYANATE A.R. 250.00 GM,P72317,1.0,288.92,0,26.0,26.0,340.92,All / Saleable / LABORATORY CHEMICALS
27101213,PETROLEUM ETHER 40-60 A.R 2.5 L,P73737,3.0,2713.74,0,244.24,244.24,3202.2199999999993,All / Saleable / ACIDS
28415090,POTASSIUM DICHROMATE A.R. 500.00 GM,P74329,1.0,436.48,0,39.28,39.28,515.04,All / Saleable / LABORATORY CHEMICALS
28332990,POTASSIUM SULPHATE A.R. 500.00 GM,P74629,20.0,3213.6,578.45,0,0,3792.05,All / Saleable / LABORATORY CHEMICALS
27109900,PARAFFIN LIQUID LIGHT I.P 5 L,P84651,4.0,2200.0,0,198.0,198.0,2596.0,All / Saleable / LABORATORY CHEMICALS
29072100,RESORCINOL 100.00 GM,R11217,19.0,4053.2799999999997,351.94,188.82,188.82,4782.86,All / Saleable / LABORATORY CHEMICALS
32041269,p-ROSOLIC ACID (AURINE) 25.00 GM,R12609,2.0,1071.4,192.85,0,0,1264.25,All / Saleable / LABORATORY CHEMICALS
32041139,RUTHENIUM RED M.S. 1.00 GM,R13401,1.0,1771.34,0,159.42,159.42,2090.18,All / Saleable / CLINICAL REAGENTS/STAINS
38220019,R.B.C. DILUTING FLUID 125 ML,R20171,12.0,706.8,0,42.410000000000004,42.410000000000004,791.6200000000001,All / Saleable / CLINICAL REAGENTS/STAINS
38220019,ROTHERA'S MIXTURE POWDER 100.00 GM,R20467,5.0,285.2,0,17.11,17.11,319.42,All / Saleable / CLINICAL REAGENTS/STAINS
38220019,MODIFIED RETICULOCYTE C.FLUID 125 ML,R20471,2.0,341.0,0,20.46,20.46,381.91999999999996,All / Saleable / LABORATORY CHEMICALS
29359090,SULPHANILAMIDE 99% 250.00 GM,S10025,1.0,687.94,123.83,0,0,811.7700000000001,All / Saleable / LABORATORY CHEMICALS
38249925,SILICA GEL 'G' FOR TLC 500.00 GM,S10029,9.0,2651.76,244.3,116.50999999999999,116.50999999999999,3129.08,All / Saleable / LABORATORY CHEMICALS
29182110,SALICYLIC ACID.L.R. 500.00 GM,S10329,27.0,6212.700000000001,801.9,158.19,158.19,7330.9800000000005,All / Saleable / LABORATORY CHEMICALS
29214234,SULPHANILIC ACID 100.00 GM,S10417,9.0,1049.04,0,94.41000000000001,94.41000000000001,1237.86,All / Saleable / LABORATORY CHEMICALS
38220090,SODIUM HYPOBROMITE SOLUTION 500 ML,S10529,3.0,355.26,0,31.97,31.97,419.20000000000005,All / Saleable / CLINICAL REAGENTS/STAINS
38249925,SILICA GEL 100-200 MESH 500.00 GM,S10629,5.0,1328.25,239.08,0,0,1567.33,All / Saleable / LABORATORY CHEMICALS
28289019,SODIUM HYPOCHLORITE SOLN. 25 L,S10633,6.0,6450.0,0,580.5,580.5,7611.0,All / Saleable / LABORATORY CHEMICALS
28289019,SODIUM HYPOCHLORITE SOLUTION 30 L,S10635,9.0,12420.0,0,1117.8,1117.8,14655.6,All / Saleable / LABORATORY CHEMICALS
28289019,SODIUM HYPOCHLORITE SOLN. 10% 25 L,S10655,9.0,10400.0,0,936.0,936.0,12272.0,All / Saleable / LABORATORY CHEMICALS
28289019,SODIUM HYPOCHLORITE Solution 1 L,S10683,153.0,11320.140000000001,1898.72,69.45,69.45,13357.76,All / Saleable / LABORATORY CHEMICALS
38249925,SILICA GEL 60-120 MESH 500.00 GM,S10829,15.0,4510.5,0,405.94,405.94,5322.38,All / Saleable / LABORATORY CHEMICALS
38249925,SILICA GEL BLUE (3-8 MESH) 500.00 GM,S10929,15.0,2418.0,0,217.61,217.61,2853.22,All / Saleable / LABORATORY CHEMICALS
38249925,SILICA GEL BLUE 2.50 KG,S10939,62.0,21300.0,0,1917.0,1917.0,25134.0,All / Saleable / LABORATORY CHEMICALS
38249925,SILICA GEL BLUE (3-6 MESH) 500.00 GM,S10959,2.0,316.2,0,28.46,28.46,373.11999999999995,All / Saleable / LABORATORY CHEMICALS
28070010,SULPHURIC ACID L.R. T.C PACK 2.5 L,S11037,24.0,8395.68,1511.2199999999998,0,0,9906.900000000001,All / Saleable / INDICATOR PAPERS
28432100,SILVER NITRATE L.R. 25.00 GM,S11109,5.0,9852.3,1366.19,203.61,203.61,11625.710000000001,All / Saleable / LABORATORY CHEMICALS
28331910,SODIUM BISULPHATE MONOHYDRATE 500.00 GM,S11629,2.0,255.44,0,22.99,22.99,301.42,All / Saleable / LABORATORY CHEMICALS
28275110,SODIUM BROMIDE 500.00 GM,S11709,50.0,13552.5,2439.45,0,0,15991.95,All / Saleable / LABORATORY CHEMICALS
29163140,SODIUM BENZOATE 2.50 KG,S11739,12.0,10066.32,0,905.96,905.96,11878.239999999998,All / Saleable / LABORATORY CHEMICALS
29152990,SODIUM ACETATE TRIHYDRATE 500.00 GM,S11829,3.0,366.42,0,32.98,32.98,432.38000000000005,All / Saleable / LABORATORY CHEMICALS
28363000,SODIUM BICARBONATE L.R. 500.00 GM,S11929,80.0,7567.4,310.86,525.63,525.63,8929.52,All / Saleable / LABORATORY CHEMICALS
28363000,SODIUM BICARBONATE.L.R 25.00 KG,S11988,5.0,10450.0,0,940.5,940.5,12331.0,All / Saleable / LABORATORY CHEMICALS
28362010,SODIUM CARBONATE ANHYDROUS L.R 500.00 GM,S12029,169.0,21819.6,1742.4,1092.5600000000002,1092.5600000000002,25747.120000000003,All / Saleable / LABORATORY CHEMICALS
28362010,SODIUM CARBONATE ANHYDROUS L.R 5.00 KG,S12049,2.0,1890.0,0,170.1,170.1,2230.2,All / Saleable / LABORATORY CHEMICALS
28362010,SODIUM CARBONATE L.R 25.00 KG,S12088,3.0,6125.0,0,551.25,551.25,7227.5,All / Saleable / LABORATORY CHEMICALS
28432900,SILVER SULPHATE L.R. 25.00 GM,S12109,5.0,11574.45,1189.48,446.96,446.96,13657.849999999999,All / Saleable / LABORATORY CHEMICALS
29152990,SODIUM ACETATE ANHYDROUS 500.00 GM,S12129,20.0,2860.0,514.8,0,0,3374.8,All / Saleable / LABORATORY CHEMICALS
25010010,SODIUM CHLORIDE L.R. 500.00 GM,S12229,107.0,7211.720000000001,0,0,0,7211.720000000001,All / Saleable / LABORATORY CHEMICALS
28362010,SODIUM CARBONATE MONOHYDRATE 500.00 GM,S12429,6.0,606.36,0,54.57,54.57,715.5000000000001,All / Saleable / LABORATORY CHEMICALS
29181520,TRI-SODIUM CITRATE L.R. 500.00 GM,S12479,22.0,3475.97,556.38,34.65,34.65,4101.650000000001,All / Saleable / LABORATORY CHEMICALS
28500030,SODIUM AZIDE 100.00 GM,S12517,10.0,2575.7,127.71,167.96,167.96,3039.33,All / Saleable / LABORATORY CHEMICALS
28413000,SODIUM DICHROMATE DIHYDRATE 25.00 KG,S12599,1.0,4125.0,742.5,0,0,4867.5,All / Saleable / LABORATORY CHEMICALS
28429010,SODIUM ARSENATE 250.00 GM,S12625,1.0,1308.2,0,117.74,117.74,1543.68,All / Saleable / LABORATORY CHEMICALS
28151110,SODIUM HYDROXIDE FLAKES L.R. 500.00 GM,S12829,78.0,5988.6,505.44,286.26,286.26,7066.5599999999995,All / Saleable / LABORATORY CHEMICALS
28151110,SODIUM HYDROXIDE FLAKES.C.P. 1.00 KG,S12834,60.0,2640.0,0,237.6,237.6,3115.2,All / Saleable / LABORATORY CHEMICALS
28151110,SODIUM HYDROXIDE FLAKES 5.00 KG,S12837,7.0,2606.8,172.22,148.5,148.5,3076.02,All / Saleable / LABORATORY CHEMICALS
28151110,SODIUM HYDROXIDE FLAKES 10.00 KG,S12887,400.0,180000.0,0,16200.0,16200.0,212400.0,All / Saleable / LABORATORY CHEMICALS
28151110,SODIUM HYDROXIDE FLAKES L.R 25.00 KG,S12888,2.0,3850.0,378.0,157.5,157.5,4543.0,All / Saleable / LABORATORY CHEMICALS
28151190,SODIUM HYDROXIDE PELLETS L.R. 500.00 GM,S12929,254.0,25969.320000000003,2796.7,938.8900000000001,938.8900000000001,30643.800000000003,All / Saleable / LABORATORY CHEMICALS
28151190,SODIUM HYDROXIDE PELLETS L.R. 25.00 KG,S12988,58.0,161100.0,26190.0,1404.0,1404.0,190098.0,All / Saleable / LABORATORY CHEMICALS
28432100,SILVER NITRATE L.R. 100.00 GM,S13017,21.0,97750.0,16200.0,697.5,697.5,115345.0,All / Saleable / LABORATORY CHEMICALS
28352200,DI SOD.HYDROGEN ORTHOPHOSPHATE 500.00 GM,S13129,8.0,1770.72,0,159.35999999999999,159.35999999999999,2089.44,All / Saleable / LABORATORY CHEMICALS
28352990,TRI-SODIUM PHOSPHATE 5.00 KG,S13239,20.0,10500.0,1890.0,0,0,12390.0,All / Saleable / LABORATORY CHEMICALS
28051100,SODIUM METAL 100.00 GM,S13317,10.0,1233.8,0,111.04,111.04,1455.8799999999999,All / Saleable / LABORATORY CHEMICALS
28051100,SODIUM METAL L.R. 250.00 GM,S13325,4.0,1051.52,0,94.64,94.64,1240.8000000000002,All / Saleable / LABORATORY CHEMICALS
28352200,SODIUM DI HYDR. PHOSPHATE L.R 500.00 GM,S13329,2.0,348.44,0,31.36,31.36,411.16,All / Saleable / LABORATORY CHEMICALS
28322090,SODIUM METABISULPHITE L.R 5.00 KG,S13337,9.0,3950.0,567.0,72.0,72.0,4661.0,All / Saleable / LABORATORY CHEMICALS
28322090,SODIUM METABISULPHITE.L.R. 500.00 GM,S13339,71.0,7326.88,1092.96,112.94,112.94,8645.720000000001,All / Saleable / LABORATORY CHEMICALS
28322090,SODIUM METABISULPHITE 25.00 KG,S13388,10.0,19512.5,2409.75,551.25,551.25,23024.75,All / Saleable / LABORATORY CHEMICALS
28417020,SODIUM MOLYBDATE L.R. 100.00 GM,S13417,10.0,4615.65,390.56,220.13,220.13,5446.469999999999,All / Saleable / LABORATORY CHEMICALS
28342990,SODIUM NITRATE L.R. 500.00 GM,S13529,2.0,255.44,0,22.98,22.98,301.40000000000003,All / Saleable / LABORATORY CHEMICALS
28151190,SODIUM HYDROXIDE PELLETS L.R. 5.00 KG,S13539,18.0,13584.96,741.8299999999999,851.73,851.73,16030.25,All / Saleable / LABORATORY CHEMICALS
28372050,SODIUM NITROPRUSSIDE L.R 100.00 GM,S13617,36.0,9748.72,922.68,416.04999999999995,416.04999999999995,11503.499999999998,All / Saleable / LABORATORY CHEMICALS
28352990,TRI-SODIUM PHOSPHATE L.R. 500.00 GM,S13629,6.0,710.52,0,63.95,63.95,838.4200000000001,All / Saleable / LABORATORY CHEMICALS
31025000,SODIUM NITRATE 5.00 KG,S13639,2.0,1120.0,0,100.8,100.8,1321.6,All / Saleable / LABORATORY CHEMICALS
28352990,TRI-SODIUM PHOSPHATE L.R. 25.00 KG,S13688,1.0,1875.0,0,168.75,168.75,2212.5,All / Saleable / LABORATORY CHEMICALS
29181390,SODIUM POTASSIUM TARTARATE L.R 250.00 GM,S13725,4.0,1103.6,0,99.32,99.32,1302.2399999999998,All / Saleable / LABORATORY CHEMICALS
28331100,SODIUM SULPHATE ANHYDROUS L.R. 500.00 GM,S13829,63.0,5910.38,645.48,209.2,209.2,6974.26,All / Saleable / LABORATORY CHEMICALS
28331100,SODIUM SULPHATE ANHYDROUS L.R. 5.00 KG,S13839,65.0,26000.0,0,2340.0,2340.0,30680.0,All / Saleable / LABORATORY CHEMICALS
28331100,SODIUM SULPHATE ANHYDROUS L.R 25.00 KG,S13888,3.0,5250.0,0,472.5,472.5,6195.0,All / Saleable / LABORATORY CHEMICALS
28321090,SODIUM SULPHITE L.R. 500.00 GM,S13929,5.0,465.0,0,41.85,41.85,548.7,All / Saleable / LABORATORY CHEMICALS
28323010,SODIUM THIOSULPHATE L.R 500.00 GM,S14029,72.0,5572.08,812.81,95.08,95.08,6575.049999999999,All / Saleable / LABORATORY CHEMICALS
29209099,SODIUM LAURYL SULPHATE 2.00 KG,S14088,25.0,21000.0,0,1890.0,1890.0,24780.0,All / Saleable / LABORATORY CHEMICALS
28276020,SODIUM IODIDE 100.00 GM,S14216,7.0,6036.869999999999,748.93,168.86,168.86,7123.52,All / Saleable / LABORATORY CHEMICALS
28418010,SODIUM TUNGSTATE L.R. 100.00 GM,S14217,3.0,947.1,170.48,0,0,1117.58,All / Saleable / LABORATORY CHEMICALS
35051010,STARCH SOLUBLE L.R. 500.00 GM,S14329,43.0,12082.48,940.5,617.1700000000001,617.1700000000001,14257.320000000002,All / Saleable / LABORATORY CHEMICALS
29182990,SULPHOSALICYLIC ACID L.R. 100.00 GM,S14417,1.0,119.04,0,10.71,10.71,140.46,All / Saleable / LABORATORY CHEMICALS
28342910,STRONTIUM NITRATE L.R. 500.00 GM,S14429,45.0,8754.199999999999,632.74,471.5,471.5,10329.94,All / Saleable / LABORATORY CHEMICALS
28020010,SULPHUR POWDER 500.00 GM,S14529,57.0,5043.700000000001,613.8,147.04,147.04,5951.58,All / Saleable / LABORATORY CHEMICALS
28112990,SELENIUM DIOXIDE (SUBLIMED) 50.00 GM,S14704,4.0,3821.68,0,343.95,343.95,4509.58,All / Saleable / LABORATORY CHEMICALS
28273990,STANNOUS CHLORIDE L.R. 100.00 GM,S14817,6.0,1742.02,253.19,30.19,30.19,2055.59,All / Saleable / LABORATORY CHEMICALS
28273990,STANNOUS CHLORIDE - 95% 250.00 GM,S14825,11.0,8001.120000000001,592.49,423.86,423.86,9441.33,All / Saleable / LABORATORY CHEMICALS
29157020,STEARIC ACID 500.00 GM,S14929,6.0,959.76,0,86.38,86.38,1132.52,All / Saleable / LABORATORY CHEMICALS
28070010,SULPHURIC ACID L.R. 500 ML,S15029,393.0,45444.19999999999,1203.84,3488.0400000000004,3488.0400000000004,53624.11999999999,All / Saleable / INDICATOR PAPERS
28070010,SULPHURIC ACID L.R. 2.5 L,S15037,22.0,10079.960000000001,0,907.1800000000001,907.1800000000001,11894.32,All / Saleable / INDICATOR PAPERS
28070010,SULPHURIC ACID.L.R. (BPb) 500 ML,S15039,21.0,2091.6,356.4,10.04,10.04,2468.08,All / Saleable / INDICATOR PAPERS
28070010,SULPHURIC ACID 5 L,S15051,249.0,107454.45,1987.2,8677.310000000001,8677.310000000001,126796.27,All / Saleable / INDICATOR PAPERS
28070010,SULPHURIC ACID L.R. TC PACK 500 ML,S15130,99.0,9405.0,1692.9,0,0,11097.9,All / Saleable / INDICATOR PAPERS
28341010,SODIUM NITRITE L.R. 500.00 GM,S15729,17.0,3037.4,0,273.36,273.36,3584.1200000000003,All / Saleable / LABORATORY CHEMICALS
28369200,STRONTIUM CARBONATE 250.00 GM,S16125,9.0,1607.04,0,144.63,144.63,1896.3,All / Saleable / LABORATORY CHEMICALS
29163140,SODIUM BENZOATE 500.00 GM,S16129,6.0,1112.28,0,100.10999999999999,100.10999999999999,1312.5,All / Saleable / LABORATORY CHEMICALS
29163140,SODIUM BENZOATE 25.00 KG,S16188,4.0,15000.0,0,1350.0,1350.0,17700.0,All / Saleable / LABORATORY CHEMICALS
28352940,SODIUM HEXAMETA PHOSPHATE L.R 500.00 GM,S16229,6.0,825.84,0,74.33,74.33,974.5000000000001,All / Saleable / LABORATORY CHEMICALS
28352940,SODIUM HEXAMETAPHOSPHATE 5.00 KG,S16239,7.0,4550.0,819.0,0,0,5369.0,All / Saleable / LABORATORY CHEMICALS
28301000,SODIUM SULPHIDE FLAKES 500.00 GM,S16329,33.0,3452.02,350.06,135.64000000000001,135.64000000000001,4073.36,All / Saleable / LABORATORY CHEMICALS
28111990,SULPHAMIC ACID 5.00 KG,S16439,2.0,1150.0,0,103.5,103.5,1357.0,All / Saleable / LABORATORY CHEMICALS
32041339,SAFRANINE M.S. 25.00 GM,S20109,6.0,1655.3999999999999,0,148.98,148.98,1953.3599999999997,All / Saleable / CLINICAL REAGENTS/STAINS
38220090,SELIWANOFF'S REAGENT 125 ML,S20471,63.0,5065.0599999999995,736.16,87.77000000000001,87.77000000000001,5976.759999999999,All / Saleable / LABORATORY CHEMICALS
38220019,SEMEN DILUTING FLUID 125 ML,S20571,12.0,751.44,0,45.08,45.08,841.6000000000001,All / Saleable / CLINICAL REAGENTS/STAINS
38220019,SODIUM CHLORIDE SOLUTION 5 L,S20951,12.0,3618.7999999999997,272.06,81.1,81.1,4053.0599999999995,All / Saleable / LABORATORY CHEMICALS
28289019,SODIUM HYPOCHLORITE SOLN.10% 5 L,S21051,32.0,8000.0,1440.0,0,0,9440.0,All / Saleable / LABORATORY CHEMICALS
38220019,SILVER NITRATE SOLN. 0.2906% 125 ML,S21371,3.0,288.3,0,17.3,17.3,322.90000000000003,All / Saleable / LABORATORY CHEMICALS
38220019,SILVER NITRATE SOLN. 0.5814% 125 ML,S21471,3.0,372.0,0,22.32,22.32,416.64,All / Saleable / LABORATORY CHEMICALS
28289019,SODIUM HYPOCHLORITE Solution 5 L,S21951,1210.0,221958.19999999998,26460.0,6746.24,6746.24,261910.68,All / Saleable / LABORATORY CHEMICALS
38220019,SODIUM CHLORIDE SOLN. 0.85% 500 ML,S22379,54.0,2105.15,0,126.30000000000001,126.30000000000001,2357.75,All / Saleable / LABORATORY CHEMICALS
38220019,SODIUM CITRATE SOLUTION 3.8% 500 ML,S22579,115.0,8711.3,523.0699999999999,261.15000000000003,261.15000000000003,9756.669999999998,All / Saleable / LABORATORY CHEMICALS
38220090,SUDAN III SOLUTION 125 ML,S24271,2.0,198.4,0,17.86,17.86,234.12,All / Saleable / CLINICAL REAGENTS/STAINS
38220019,SULPHOSALICYLIC ACID SOLN 3% 125 ML,S24571,278.0,15733.08,1254.53,316.71999999999997,316.71999999999997,17621.050000000003,All / Saleable / LABORATORY CHEMICALS
38220019,SULPHOSALICYLIC ACID SOLN 10% 125 ML,S24671,15.0,976.5,0,58.59,58.59,1093.6799999999998,All / Saleable / CLINICAL REAGENTS/STAINS
28070010,SULPHURIC ACID 20% 500 ML,S25279,9.0,574.74,0,51.73,51.73,678.2,All / Saleable / ACIDS
28070010,SULPHURIC ACID N/50 500 ML,S25290,40.0,2200.0,396.0,0,0,2596.0,All / Saleable / VOLUMETRIC SOLUTIONS
38220090,SOIL TESTING KIT (40 TEST),S25550,125.0,87998.75,3239.78,6300.0,6300.0,103838.53,All / Saleable / AGRO PRODUCTS
38220019,SCHIFFS REAGENT 125 ML,S26071,38.0,2451.8,242.88,25.67,25.67,2746.02,All / Saleable / CLINICAL REAGENTS/STAINS
38220019,SAFRANINE STAIN SOLUTION 125 ML,S30271,84.0,5930.96,251.33,230.19,230.19,6642.67,All / Saleable / CLINICAL REAGENTS/STAINS
32041979,SUDAN II 25.00 GM,S39704,1.0,97.34,0,8.76,8.76,114.86000000000001,All / Saleable / LABORATORY CHEMICALS
32041979,SUDAN III 25.00 GM,S39709,1.0,98.58,0,8.87,8.87,116.32000000000001,All / Saleable / CLINICAL REAGENTS/STAINS
17011490,SUCROSE 500.00 GM,S39929,38.0,5672.959999999999,506.88,257.12,257.12,6694.079999999999,All / Saleable / LABORATORY CHEMICALS
17011490,SUCROSE 50.00 KG,S39999,4.0,15200.0,0,1368.0,1368.0,17936.0,All / Saleable / LABORATORY CHEMICALS
28432100,SILVER NITRATE 10.00 GM,S42005,4.0,3972.96,0,357.56,357.56,4688.080000000001,All / Saleable / LABORATORY CHEMICALS
38220090,SILVER NITRATE SOLUTION N/10 125 ML,S51271,54.0,18246.6,0,1642.2,1642.2,21531.0,All / Saleable / LABORATORY CHEMICALS
38220090,SILVER NITRATE SOLUTION N/10 500 ML,S51279,84.0,88312.0,15048.0,424.08,424.08,104208.16,All / Saleable / LABORATORY CHEMICALS
38220090,SODIUM HYDROXIDE SOLUTION N/1 500 ML,S53079,160.0,9336.6,1680.6599999999999,0,0,11017.26,All / Saleable / LABORATORY CHEMICALS
38220090,SODIUM HYDROXIDE SOLN. N/10 500 ML,S53109,474.0,28785.6,4458.24,361.59000000000003,361.59000000000003,33967.02,All / Saleable / LABORATORY CHEMICALS
38220090,SODIUM THIOSULPHATE SOLN.N/10 500 ML,S54179,128.0,6812.16,1140.48,42.86,42.86,8038.360000000001,All / Saleable / LABORATORY CHEMICALS
28070010,SULPHURIC ACID N/1 500 ML,S55979,20.0,1100.0,198.0,0,0,1298.0,All / Saleable / VOLUMETRIC SOLUTIONS
28070010,SULPHURIC ACID N/10 500 ML,S56079,60.0,3300.0,594.0,0,0,3894.0,All / Saleable / LABORATORY CHEMICALS
38220090,SILVER NITRATE SOLUTION N/50 500 ML,S61579,8.0,2232.0,0,200.88,200.88,2633.76,All / Saleable / LABORATORY CHEMICALS
28331100,SODIUM SULPHATE ANHYDROUS A.R 500.00 GM,S72829,2.0,259.16,0,23.32,23.32,305.8,All / Saleable / LABORATORY CHEMICALS
28362010,SODIUM CARBONATE ANHYDROUS A.R 500.00 GM,S75029,11.0,1611.6,119.34,85.38,85.38,1901.6999999999998,All / Saleable / LABORATORY CHEMICALS
28432100,SILVER NITRATE A.R. 25.00 GM,S75309,1.0,2427.92,0,218.51,218.51,2864.9400000000005,All / Saleable / LABORATORY CHEMICALS
25010010,SODIUM CHLORIDE A.R. 500.00 GM,S75429,2.0,158.72,0,0,0,158.72,All / Saleable / LABORATORY CHEMICALS
28151190,SODIUM HYDROXIDE PELLETS A.R. 500.00 GM,S75629,3.0,427.38,0,38.46,38.46,504.29999999999995,All / Saleable / LABORATORY CHEMICALS
28070010,SULPHURIC ACID A.R. 500 ML,S75829,20.0,3189.42,0,287.05,287.05,3763.5200000000004,All / Saleable / INDICATOR PAPERS
28070010,SULPHURIC ACID A.R. 2.5 L,S75837,30.0,14433.599999999999,0,1299.02,1299.02,17031.64,All / Saleable / INDICATOR PAPERS
28363000,SODIUM BICARBONATE.I.P. 5.00 KG,S83239,5.0,1625.0,0,146.25,146.25,1917.5,All / Saleable / LABORATORY CHEMICALS
29181520,TRI-SODIUM CITRATE IP/USP 50.00 KG,S83405,70.0,344950.0,0,31045.5,31045.5,407041.0,All / Saleable / LABORATORY CHEMICALS
29181520,TRI-SODIUM CITRATE IP/USP 25.00 KG,S83488,10.0,33000.0,5940.0,0,0,38940.0,All / Saleable / LABORATORY CHEMICALS
28352200,SODIUM DI HYD.O.PHOSPHATE I.P 25.00 KG,S83699,13.0,52572.0,990.0,4236.48,4236.48,62034.96,All / Saleable / LABORATORY CHEMICALS
25010010,SODIUM CHLORIDE IP/USP 50.00 KG,S83805,12.0,25200.0,0,0,0,25200.0,All / Saleable / LABORATORY CHEMICALS
25010010,SODIUM CHLORIDE IP/USP 25.00 KG,S83806,5.0,6500.0,0,0,0,6500.0,All / Saleable / LABORATORY CHEMICALS
29181200,TARTARIC ACID L.R. 250.00 GM,T10125,1.0,323.02,0,29.07,29.07,381.15999999999997,All / Saleable / LABORATORY CHEMICALS
28230010,TITANIUM DIOXIDE L.R. 500.00 GM,T10829,1.0,241.18,0,21.71,21.71,284.59999999999997,All / Saleable / LABORATORY CHEMICALS
29023000,TOLUENE (SULPHUR FREE) 500 ML,T10919,7.0,1106.7,0,99.61,99.61,1305.92,All / Saleable / ACIDS
29023000,TOLUENE (SULPHUR FREE) 2.5 L,T10927,4.0,2607.0,469.26,0,0,3076.26,All / Saleable / ACIDS
29023000,TOLUENE RECTIFIED L.R. 500 ML,T10929,16.0,2191.2,394.42,0,0,2585.62,All / Saleable / ACIDS
29023000,TOLUENE RECTIFIED L.R. 2.5 L,T10937,6.0,3586.08,0,322.74,322.74,4231.5599999999995,All / Saleable / ACIDS
32019090,TANNIC ACID 100.00 GM,T11417,4.0,1116.0,0,100.44,100.44,1316.88,All / Saleable / LABORATORY CHEMICALS
29032200,TRICHLOROETHYLENE L.R. 2.5 L,T11537,4.0,4592.96,0,413.37,413.37,5419.7,All / Saleable / LABORATORY CHEMICALS
29071930,THYMOL CRYSTALS 100.00 GM,T14217,6.0,1845.12,0,166.06,166.06,2177.24,All / Saleable / LABORATORY CHEMICALS
34021300,TWEEN-20 500 ML,T15529,3.0,1620.06,0,226.81,226.81,2073.6800000000003,All / Saleable / LABORATORY CHEMICALS
28539010,TRIPPLE DISTILLED WATER 5 L,T16051,8.0,1650.0,297.0,0,0,1947.0,All / Saleable / LABORATORY CHEMICALS
38220019,TRICHLORO ACETIC ACID 10% 125 ML,T21471,1.0,62.62,0,3.76,3.76,70.14,All / Saleable / CLINICAL REAGENTS/STAINS
29159090,TRIFLUOROACETIC ACID 99% 100 ML,T21571,1.0,1006.26,0,90.56,90.56,1187.3799999999999,All / Saleable / LABORATORY CHEMICALS
35040099,TRYPTONE 250.00 GM,T32125,4.0,1664.08,0,149.77,149.77,1963.62,All / Saleable / LABORATORY CHEMICALS
32041259,TOLUIDINE BLUE (M.S) 25.00 GM,T32709,1.0,234.36,0,21.09,21.09,276.54,All / Saleable / CLINICAL REAGENTS/STAINS
29214350,p-TOLUIDINE - 98% 25.00 GM,T32809,1.0,243.04,0,21.87,21.87,286.78,All / Saleable / LABORATORY CHEMICALS
38220090,TOLLEN'S REAGENT 100 ML,T33271,24.0,24507.36,0,2205.68,2205.68,28918.72,All / Saleable / CLINICAL REAGENTS/STAINS
38220090,THYMOL BLUE INDICATOR SOLUTION 125 ML,T40571,6.0,319.92,0,28.79,28.79,377.50000000000006,All / Saleable / INDICATOR POWDERS/SOLUTIONS
38220090,TOTAL HARDNESS INDIATOR POWDER 25.00 GM,T41259,52.0,1998.88,0,179.9,179.9,2358.6800000000003,All / Saleable / INDICATOR POWDERS/SOLUTIONS
38220019,O-TOLUIDINE REAGENT-GLUCOSE 500 ML,T60979,5.0,1007.5,0,60.45,60.45,1128.4,All / Saleable / ANALYSIS KITS
38220090,O-TOLIDINE REAGENT R.C 500 ML,T61079,99.0,8591.9,956.73,294.9,294.9,10138.43,All / Saleable / LABORATORY CHEMICALS
29221990,TRIS HYDROCHLORIDE.A.R. 99.5% 100.00 GM,T70717,6.0,3906.0,0,351.53999999999996,351.53999999999996,4609.08,All / Saleable / LABORATORY CHEMICALS
29221990,TRIS BUFFER A.R. 100.00 GM,T70817,10.0,2678.0,482.04,0,0,3160.04,All / Saleable / LABORATORY CHEMICALS
32019090,TANNIC ACID A.R. 100.00 GM,T71401,3.0,903.24,162.58,0,0,1065.82,All / Saleable / LABORATORY CHEMICALS
29309099,THIOSEMICARBAZIDE A.R. 25.00 GM,T74329,2.0,294.32,52.98,0,0,347.3,All / Saleable / LABORATORY CHEMICALS
31021000,UREA L.R. 500.00 GM,U10229,71.0,7216.48,1073.09,112.94,112.94,8515.45,All / Saleable / LABORATORY CHEMICALS
38220090,UNIVERSAL INDICATOR SOLUTION 125 ML,U40171,157.0,8468.580000000002,0,762.1800000000001,762.1800000000001,9992.939999999999,All / Saleable / INDICATOR POWDERS/SOLUTIONS
38220090,UNIVERSAL INDICATOR SOLUTION 500 ML,U40179,6.0,829.56,0,74.66,74.66,978.8799999999999,All / Saleable / INDICATOR POWDERS/SOLUTIONS
38220090,WIJ'S SOLUTION 500 ML,W12079,175.0,41828.5,6058.800000000001,735.16,735.16,49357.619999999995,All / Saleable / LABORATORY CHEMICALS
38220019,WBC DILUTING FLUID (TURK'S) 125 ML,W20671,59.0,3475.1,0,208.51000000000002,208.51000000000002,3892.120000000001,All / Saleable / CLINICAL REAGENTS/STAINS
38220019,WBC DILUTING FLUID (TURK'S) 500 ML,W20679,11.0,1125.3,0,67.52,67.52,1260.34,All / Saleable / CLINICAL REAGENTS/STAINS
38220090,WATER TESTING KIT(PHOS.& IRON),W25520,2.0,868.0,0,78.12,78.12,1024.24,All / Saleable / LABORATORY CHEMICALS
38220090,WATER TESTING KIT(IRON=100TS),W25522,3.0,720.0,0,64.8,64.8,849.5999999999999,All / Saleable / LABORATORY CHEMICALS
38220090,WATER TESTING KIT (ALKALINITY),W25530,3.0,1478.6999999999998,0,133.07999999999998,133.07999999999998,1744.8600000000001,All / Saleable / ANALYSIS KITS
38220090,WATER TESTING KIT-FLUORIDE ETC,W25535,3.0,2604.0,0,234.36,234.36,3072.7200000000003,All / Saleable / LABORATORY CHEMICALS
38220090,WATER TESTING KIT (RC) 100 TE,W25539,13.0,2611.44,0,235.03,235.03,3081.5,All / Saleable / LABORATORY CHEMICALS
38220090,WATER TESTING KIT (RC),W25540,1.0,217.0,0,19.53,19.53,256.06,All / Saleable / LABORATORY CHEMICALS
38220090,WATER TESTING KIT(TOTAL HARD),W25550,38.0,17168.0,2376.0,357.12,357.12,20258.239999999998,All / Saleable / ANALYSIS KITS
38220090,WATER TESTING KIT (NITRATE +),W25560,21.0,13605.9,0,1224.5299999999997,1224.5299999999997,16054.960000000001,All / Saleable / ANALYSIS KITS
38220090,WATER TESTING KIT(AMMO) 100TE,W25562,3.0,720.0,0,64.8,64.8,849.5999999999999,All / Saleable / LABORATORY CHEMICALS
38220090,WATER TESTING KIT (DIS.OXYGEN),W25565,4.0,7192.0,0,647.28,647.28,8486.56,All / Saleable / LABORATORY CHEMICALS
38220090,WATER TEST.KIT (DIS.OXY.)REFIL,W25568,10.0,2800.0,504.0,0,0,3304.0,All / Saleable / LABORATORY CHEMICALS
38220090,WATER TESTING KIT-M.BIOLOGICAL,W25570,5.0,4929.0,0,443.61,443.61,5816.22,All / Saleable / ANALYSIS KITS
38220019,WRIGHT'S STAIN SOLUTION 125 ML,W30371,50.0,2470.0,296.4,0,0,2766.3999999999996,All / Saleable / CLINICAL REAGENTS/STAINS
28539010,WATER - HPLC 1 L,W94083,148.0,12662.880000000001,0,1139.6599999999999,1139.6599999999999,14942.2,All / Saleable / LABORATORY CHEMICALS
29024400,XYLENE RECTIFIED L.R. 2.5 L,X10137,49.0,28728.699999999997,2378.38,1396.4,1396.4,33899.88,All / Saleable / SOLVENTS
29024400,XYLENE RECTIFIED L.R. 500 ML,X10229,17.0,2552.82,429.26,15.12,15.12,3012.3200000000006,All / Saleable / SOLVENTS
29024400,XYLENE (SULPHUR FREE) 500 ML,X10329,16.0,2402.4,432.43,0,0,2834.83,All / Saleable / SOLVENTS
29024400,XYLENE (SULPHUR FREE) 2.5 L,X10337,68.0,38036.0,5928.6900000000005,458.9,458.9,44882.490000000005,All / Saleable / SOLVENTS
29024100,o-XYLENE 99% 500 ML,X10829,1.0,137.02,0,12.33,12.33,161.68000000000004,All / Saleable / LABORATORY CHEMICALS
21021090,YEAST EXTRACT L.R 250.00 GM,Y10225,6.0,2395.68,244.03,21.72,21.72,2683.15,All / Saleable / LABORATORY CHEMICALS
38220090,YELLOW AMMONIUM SULPHIDE SOLN. 500 ML,Y12029,16.0,2701.6,486.29,0,0,3187.89,All / Saleable / LABORATORY CHEMICALS
29152990,ZINC ACETATE L.R. 500.00 GM,Z10129,15.0,3468.9,0,312.21,312.21,4093.3199999999997,All / Saleable / LABORATORY CHEMICALS
28273990,ZINC CHLORIDE ANHYDROUS L.R. 500.00 GM,Z10329,13.0,2966.0800000000004,0,266.95,266.95,3499.9800000000005,All / Saleable / LABORATORY CHEMICALS
28274900,ZIRCONIUM OXY CHLORIDE 100.00 GM,Z10517,3.0,753.3,0,67.80000000000001,67.80000000000001,888.9000000000001,All / Saleable / LABORATORY CHEMICALS
79031000,ZINC METAL POWDER 500.00 GM,Z10529,30.0,10771.5,1578.96,179.95,179.95,12710.36,All / Saleable / LABORATORY CHEMICALS
28332990,ZINC SULPHATE L.R 500.00 GM,Z10729,109.0,13077.779999999999,1671.12,341.43,341.43,15431.760000000002,All / Saleable / LABORATORY CHEMICALS
28309010,ZINC SULPHIDE 250.00 GM,Z10825,20.0,9108.0,1639.44,0,0,10747.44,All / Saleable / LABORATORY CHEMICALS
28342990,ZINC NITRATE 500.00 GM,Z11029,4.0,920.08,0,82.8,82.8,1085.68,All / Saleable / LABORATORY CHEMICALS
79011200,ZINC METAL GRANUALATED A.R. 250.00 GM,Z70425,44.0,14803.36,1132.56,766.0300000000001,766.0300000000001,17467.98,All / Saleable / LABORATORY CHEMICALS
